{
  "reviews": [
    {"comment": "This movie was absolutely fantastic! The plot was engaging and the characters were well-developed."},
    {"comment": "I loved the cinematography and the soundtrack was amazing."},
    {"comment": "An outstanding performance by the lead actor. Truly remarkable!"},
    {"comment": "One of the best movies I've seen this year. Highly recommend it!"},
    {"comment": "A thrilling experience from start to finish. Great job!"},
    {"comment": "I enjoyed the movie, but some parts were a bit slow."},
    {"comment": "It was an okay film. Not too exciting, but not bad either."},
    {"comment": "The movie was decent, but I felt it lacked emotional depth."},
    {"comment": "A good watch for a lazy evening. Nothing extraordinary, though."},
    {"comment": "It was fine, but I wouldn't watch it again."},
    {"comment": "Terrible plot and poor acting. I was very disappointed."},
    {"comment": "One of the worst movies I've seen. Waste of time!"},
    {"comment": "I couldn't stand the bad script and poor direction."},
    {"comment": "This movie was a disaster. Nothing made sense!"},
    {"comment": "The worst part was the awful dialogue. It felt so forced."},
    {"comment": "The visuals were stunning, but the story was predictable."},
    {"comment": "Great action sequences, but the character development was lacking."},
    {"comment": "I liked the first half, but the ending was disappointing."},
    {"comment": "A decent watch if you don’t mind some clichés."},
    {"comment": "The humor was good, but the story was just average."},
    {"comment": "Incredible storytelling. I was on the edge of my seat!"},
    {"comment": "A masterpiece in modern cinema. Loved every minute!"},
    {"comment": "An emotional rollercoaster. Beautifully directed."},
    {"comment": "A must-watch for fans of the genre. Outstanding!"},
    {"comment": "One of those movies that stays with you long after it ends."},
    {"comment": "Some scenes were breathtaking, but overall just okay."},
    {"comment": "Decent acting, but the plot was too predictable."},
    {"comment": "Not bad, but nothing new or exciting either."},
    {"comment": "A solid film, but lacked originality."},
    {"comment": "It was watchable, but I wouldn’t recommend it to friends."},
    {"comment": "Boring and uninspired. A total disappointment."},
    {"comment": "I really wanted to like it, but it was just too slow."},
    {"comment": "Unbelievably bad. I almost walked out!"},
    {"comment": "The story had so many plot holes, it was frustrating."},
    {"comment": "Horrible movie. I can't believe I wasted my time on this."},
    {"comment": "The acting was atrocious. I couldn't take it seriously."},
    {"comment": "This is one of the worst movies ever made!"},
    {"comment": "An absolute train wreck of a movie. Don't bother."},
    {"comment": "One of the best movies I've ever seen! Incredible!"},
    {"comment": "Beautiful cinematography and an engaging plot. Loved it!"},
    {"comment": "Brilliant performances and excellent direction. A must-watch!"},
    {"comment": "A unique and creative take on the genre. Really well done!"},
    {"comment": "Superb acting and fantastic visuals. Highly recommended!"},
    {"comment": "I didn't hate it, but it wasn’t great either."},
    {"comment": "Some parts were really enjoyable, but overall just average."},
    {"comment": "A mixed bag. Some good moments, some really bad ones."},
    {"comment": "An alright movie, but I expected more."},
    {"comment": "It was fine for a one-time watch, but nothing memorable."},
    {"comment": "Forgettable and generic. Not worth the hype."}
  ]
}
