[{
  "_id": {
    "$oid": "67daf93cfeb0f49e435baadd"
  },
  "name": "Flow - Lạc Trôi",
  "director": "Gints Zilbalodis",
  "actor": "",
  "genre": "Hoạt Hình, Phiêu Lưu, Thần thoại",
  "date2": "07/03/2025",
  "time2": "89 phút",
  "language": "meo meo, gâu gâu",
  "rated": "P - PHIM ĐƯỢC PHÉP PHỔ BIẾN ĐẾN NGƯỜI XEM Ở MỌI ĐỘ TUỔI.",
  "detail": "Trước bối cảnh hậu tận thế, chú mèo xám nhút nhát, vốn luôn sợ nước phải rời bỏ vùng an toàn khi căn nhà thân yêu bị cuốn trôi bởi cơn lũ dữ. Trên hành trình vượt đại dương mênh mông, chú mèo cùng những người bạn đồng hành (Capybara, chó Labrador Retriever, Vượn Cáo, chim Thư ký) phải học cách vượt qua nỗi sợ và chấp nhận những điểm khác biệt để cùng nhau tồn tại.",
  "movie_id": "MV001",
  "status": "On-air"
},
{
  "_id": {
    "$oid": "67dafb73feb0f49e435baae4"
  },
  "name": "Nhà gia tiên",
  "director": "Huỳnh Lập",
  "actor": "Huỳnh Lập, Phương Mỹ Chi, NSƯT Hạnh Thuý,...",
  "genre": "Gia đình, Hài",
  "date2": "21/02/2025",
  "time2": "117 phút",
  "language": "Tiếng Việt - Phụ đề Tiếng Anh",
  "rated": "T18 - Phim được phổ biến đến người xem từ đủ 18 tuổi trở lên (18+)",
  "detail": "Nhà Gia Tiên xoay quanh câu chuyện đa góc nhìn về các thế hệ khác nhau trong một gia đình, có hai nhân vật chính là Gia Minh (Huỳnh Lập) và Mỹ Tiên (Phương Mỹ Chi). Trở về căn nhà gia tiên để quay các video “triệu view” trên mạng xã hội, Mỹ Tiên - một nhà sáng tạo nội dung thuộc thế hệ Z vốn không tin vào chuyện tâm linh, hoàn toàn mất kết nối với gia đình, bất ngờ nhìn thấy Gia Minh - người anh trai đã mất từ lâu. Để hồn ma của Gia Minh có thể siêu thoát và không tiếp tục làm phiền mình, Mỹ Tiên bắt tay cùng Gia Minh lên kế hoạch giữ lấy căn nhà gia tiên đang bị họ hàng tranh chấp, đòi ông nội chia tài sản. Đứng trước hàng loạt bí mật động trời trong căn nhà gia tiên, liệu Mỹ Tiên có vượt qua được tất cả để hoàn thành di nguyện của Gia Minh?",
  "movie_id": "MV002",
  "status": "On-air"
},
{
  "_id": {
    "$oid": "67dafc26feb0f49e435baae6"
  },
  "name": "Interstellar",
  "director": "Christopher Nolan",
  "actor": "Matthew McConaughey, Anne Hathaway, Jessica Chastain.",
  "genre": "Khoa Học Viễn Tưởng",
  "date2": "28/02/2025",
  "time2": "169 Phút",
  "language": "Tiếng Anh - Phụ đề Tiếng Việt",
  "rated": "T13 - Phim được phổ biến đến người xem từ đủ 13 tuổi trở lên (13+)",
  "detail": "Một đoàn thám hiểm vũ trụ sử dụng một hố đen mới được khám phá để du hành xuyên không gian đến những vì sao xa xôi và tìm kiếm hy vọng cho loài người. “Interstellar” là biên niên ký về cuộc phiêu lưu vĩ đại của một nhóm các nhà thám hiểm sử dụng khám phá mới về lỗ đen vũ trụ để vượt qua các giới hạn thông thường trong du hành không gian, chinh phục khoảng không mênh mông trên một chuyến hành trình xuyên dải ngân hà.. ",
  "movie_id": "MV003",
  "status": "On-air"
},
{
  "_id": {
    "$oid": "67dafcfbfeb0f49e435baae8"
  },
  "name": "Quỷ nhập tràng",
  "director": "Pom Nguyễn",
  "actor": "Quang Tuấn, Khả Như, NSƯT Phú Đôn, Vân Dung,...",
  "genre": "Kinh Dị",
  "date2": "07/03/2025",
  "time2": "121 phút 51 giây",
  "language": "Tiếng Việt - Phụ đề Tiếng Anh",
  "rated": "T18 - Phim được phổ biến đến người xem từ đủ 18 tuổi trở lên (18+)",
  "detail": "Phim lấy cảm hứng từ câu chuyện có thật và “truyền thuyết kinh dị nhất về người chết sống lại” - Ở một ngôi làng vùng cao, cặp vợ chồng Quang và Như sống bằng nghề mai táng. Cuộc sống yên bình của họ bị xáo trộn khi phát hiện một cỗ quan tài vô chủ trên mảnh đất nhà mình. Từ đây, những hiện tượng kỳ lạ bắt đầu xảy ra và ám ảnh cả ngôi làng.",
  "movie_id": "MV004",
  "status": "On-air"
},
{
  "_id": {
    "$oid": "67dafeddfeb0f49e435baaeb"
  },
  "name": "Cưới ma: Hiến mẹ cho quỷ",
  "director": "Azhar Kinoi Lubis",
  "actor": "Taskya Namya, Wafda Saifan Lubis, Arla Ailan",
  "genre": "Kinh Dị",
  "date2": "28/02/2025",
  "time2": "97 phút",
  "language": "Tiếng Indonesia với phụ đề tiếng Việt, tiếng Anh",
  "rated": "T18 - Phim được phổ biến đến người xem từ đủ 18 tuổi trở lên (18+)",
  "detail": "Mỗi ngày trong cuộc sống Ranti đều xoay quanh bởi sự cay nghiệt của mẹ chồng cùng những lời vu cáo của em dâu khiến cô vô cùng thống khổ. Mọi việc trở nên bùng nổ khi họ lần lượt phớt lờ việc cứu lấy cô con gái gặp tai nạn, thúc đẩy Ranti phải “ tiến thêm bước nữa” với ác quỷ ,mà từ đó lần lượt những người đối xử tệ với cô đều phải trả giá bằng mạng sống.",
  "movie_id": "MV005",
  "status": "Tạm ngừng"
},
{
  "_id": {
    "$oid": "67daff79feb0f49e435baaed"
  },
  "name": "Nữ tu bóng tối",
  "director": "Hyeok-jae Kwon",
  "actor": "Song Hye-kyo; Jeon Yeo-been; Lee Jin-wook",
  "genre": "Bí ẩn, Hồi hộp, Kinh Dị",
  "date2": "21/02/2025",
  "time2": "114 phút",
  "language": "Tiếng Hàn - Phụ đề tiếng Việt, tiếng Anh",
  "rated": "T16 - Phim được phổ biến đến người xem từ đủ 16 tuổi trở lên (16+)",
  "detail": "Hai nữ tu Junia (Song Hye-kyo) và Michaela (Jeon Yeo-been) dùng mọi nỗ lực thực hiện nghi lễ trừ tà để cứu rỗi cậu bé Hee Joon đang bị linh hồn tà ác chiếm giữ. Một cuộc chiến không hồi kết giữa đức tin và quỷ dữ, giữa bí ẩn tâm linh và niềm tin y học.",
  "movie_id": "MV006",
  "status": "Tạm ngừng"
},
{
  "_id": {
    "$oid": "67db004ffeb0f49e435baaef"
  },
  "name": "Nụ hôn bạc tỷ",
  "director": "Thu Trang",
  "actor": "Thu Trang, Đoàn Thiên Ân, Lê Xuân Tiền, Ma Ran Đô,...",
  "genre": "Hài, Tình cảm",
  "date2": "29/01/20255",
  "time2": "100 phút",
  "language": "Tiếng Việt - Phụ đề Tiếng Anh",
  "rated": "T13 - Phim được phổ biến đến người xem từ đủ 13 tuổi trở lên (13+)",
  "detail": "Câu chuyện xoay quanh Vân - cô gái bán bánh mì vô tình gặp phải hai chàng trai trong một tai nạn nhỏ. Làm thế nào khi tiếng sét ái tình đánh một lúc cả ba người? Liệu giữa một chàng trai chững chạc, nam tính và một chàng trai đôi chút ngông nghênh, cool ngầu - đâu sẽ là “Nụ Hôn Bạc Tỷ” của cô gái xinh đẹp?",
  "movie_id": "MV007",
  "status": "Dừng chiếu"
},
{
  "_id": {
    "$oid": "67db868dfeb0f49e435baaf1"
  },
  "name": "Sát thủ vô cùng cực hài",
  "director": "Choi Won-sub",
  "actor": "Kwon Sang-woo, Jung Joon-ho, Lee Yi-kyung,...",
  "genre": "Hài",
  "date2": "14/03/2025",
  "time2": "107 phút",
  "language": "Tiếng Hàn - Phụ đề tiếng Việt, lồng tiếng Việt",
  "rated": "T16 - Phim được phổ biến đến người xem từ đủ 16 tuổi trở lên (16+)",
  "detail": "Câu chuyện tiếp nối về cuộc đời làm hoạ sĩ webtoon Jun, người nổi tiếng trong thời gian ngắn với tư cách là tác giả của webtoon Đặc vụ ám sát Jun, nhanh chóng mang danh là nhà văn thiếu não sau khi Phần 2 bị chỉ trích thảm hại, nhưng mọi thứ thay đổi khi một cuộc tấn công khủng bố ngoài đời thực giống hệt với phần 2 anh vừa xuất bản, khiến Jun bị NIS buộc tội sai là kẻ chủ mưu đằng sau tội ác.",
  "movie_id": "MV008",
  "status": "Dừng chiếu"
}]