[{
  "_id": {
    "$oid": "67e03977bf45b774b02d35b2"
  },
  "showtime_id": "ST001",
  "cinema_id": "R002",
  "room_id": "3",
  "movie_id": "MV001",
  "date": "2025-04-01",
  "time": "22:00"
},
{
  "_id": {
    "$oid": "67e03977bf45b774b02d35b3"
  },
  "showtime_id": "ST002",
  "cinema_id": "R002",
  "room_id": "4",
  "movie_id": "MV002",
  "date": "2025-04-01",
  "time": "10:00"
},
{
  "_id": {
    "$oid": "67e03977bf45b774b02d35b4"
  },
  "showtime_id": "ST003",
  "cinema_id": "R004",
  "room_id": "2",
  "movie_id": "MV002",
  "date": "2025-04-01",
  "time": "10:10"
},
{
  "_id": {
    "$oid": "67e03977bf45b774b02d35b5"
  },
  "showtime_id": "ST004",
  "cinema_id": "R004",
  "room_id": "1",
  "movie_id": "MV004",
  "date": "2025-04-01",
  "time": "10:10"
},
{
  "_id": {
    "$oid": "67e03977bf45b774b02d35b6"
  },
  "showtime_id": "ST005",
  "cinema_id": "R002",
  "room_id": "2",
  "movie_id": "MV003",
  "date": "2025-04-01",
  "time": "10:20"
},
{
  "_id": {
    "$oid": "67e03977bf45b774b02d35b7"
  },
  "showtime_id": "ST006",
  "cinema_id": "R006",
  "room_id": "3",
  "movie_id": "MV007",
  "date": "2025-04-01",
  "time": "10:30"
},
{
  "_id": {
    "$oid": "67e03977bf45b774b02d35b8"
  },
  "showtime_id": "ST007",
  "cinema_id": "R005",
  "room_id": "2",
  "movie_id": "MV001",
  "date": "2025-04-01",
  "time": "10:40"
},
{
  "_id": {
    "$oid": "67e03977bf45b774b02d35b9"
  },
  "showtime_id": "ST008",
  "cinema_id": "R003",
  "room_id": "5",
  "movie_id": "MV001",
  "date": "2025-04-01",
  "time": "10:50"
},
{
  "_id": {
    "$oid": "67e03977bf45b774b02d35ba"
  },
  "showtime_id": "ST009",
  "cinema_id": "R006",
  "room_id": "4",
  "movie_id": "MV004",
  "date": "2025-04-01",
  "time": "10:50"
},
{
  "_id": {
    "$oid": "67e03977bf45b774b02d35bb"
  },
  "showtime_id": "ST010",
  "cinema_id": "R006",
  "room_id": "2",
  "movie_id": "MV004",
  "date": "2025-04-01",
  "time": "11:00"
},
{
  "_id": {
    "$oid": "67e03977bf45b774b02d35bc"
  },
  "showtime_id": "ST011",
  "cinema_id": "R001",
  "room_id": "5",
  "movie_id": "MV006",
  "date": "2025-04-01",
  "time": "11:20"
},
{
  "_id": {
    "$oid": "67e03977bf45b774b02d35bd"
  },
  "showtime_id": "ST012",
  "cinema_id": "R004",
  "room_id": "3",
  "movie_id": "MV005",
  "date": "2025-04-01",
  "time": "11:40"
},
{
  "_id": {
    "$oid": "67e03977bf45b774b02d35be"
  },
  "showtime_id": "ST013",
  "cinema_id": "R005",
  "room_id": "4",
  "movie_id": "MV003",
  "date": "2025-04-01",
  "time": "11:40"
},
{
  "_id": {
    "$oid": "67e03977bf45b774b02d35bf"
  },
  "showtime_id": "ST014",
  "cinema_id": "R005",
  "room_id": "5",
  "movie_id": "MV006",
  "date": "2025-04-01",
  "time": "11:40"
},
{
  "_id": {
    "$oid": "67e03977bf45b774b02d35c0"
  },
  "showtime_id": "ST015",
  "cinema_id": "R002",
  "room_id": "1",
  "movie_id": "MV008",
  "date": "2025-04-01",
  "time": "12:30"
},
{
  "_id": {
    "$oid": "67e03977bf45b774b02d35c1"
  },
  "showtime_id": "ST016",
  "cinema_id": "R006",
  "room_id": "1",
  "movie_id": "MV007",
  "date": "2025-04-01",
  "time": "12:30"
},
{
  "_id": {
    "$oid": "67e03977bf45b774b02d35c2"
  },
  "showtime_id": "ST017",
  "cinema_id": "R003",
  "room_id": "1",
  "movie_id": "MV008",
  "date": "2025-04-01",
  "time": "12:30"
},
{
  "_id": {
    "$oid": "67e03977bf45b774b02d35c3"
  },
  "showtime_id": "ST018",
  "cinema_id": "R004",
  "room_id": "5",
  "movie_id": "MV008",
  "date": "2025-04-01",
  "time": "12:30"
},
{
  "_id": {
    "$oid": "67e03977bf45b774b02d35c4"
  },
  "showtime_id": "ST019",
  "cinema_id": "R005",
  "room_id": "1",
  "movie_id": "MV005",
  "date": "2025-04-01",
  "time": "12:50"
},
{
  "_id": {
    "$oid": "67e03977bf45b774b02d35c5"
  },
  "showtime_id": "ST020",
  "cinema_id": "R002",
  "room_id": "5",
  "movie_id": "MV008",
  "date": "2025-04-01",
  "time": "13:10"
},
{
  "_id": {
    "$oid": "67e03977bf45b774b02d35c6"
  },
  "showtime_id": "ST021",
  "cinema_id": "R002",
  "room_id": "3",
  "movie_id": "MV005",
  "date": "2025-04-01",
  "time": "13:20"
},
{
  "_id": {
    "$oid": "67e03977bf45b774b02d35c7"
  },
  "showtime_id": "ST022",
  "cinema_id": "R006",
  "room_id": "2",
  "movie_id": "MV003",
  "date": "2025-04-01",
  "time": "13:30"
},
{
  "_id": {
    "$oid": "67e03977bf45b774b02d35c8"
  },
  "showtime_id": "ST023",
  "cinema_id": "R003",
  "room_id": "3",
  "movie_id": "MV006",
  "date": "2025-04-01",
  "time": "13:50"
},
{
  "_id": {
    "$oid": "67e03977bf45b774b02d35c9"
  },
  "showtime_id": "ST024",
  "cinema_id": "R005",
  "room_id": "2",
  "movie_id": "MV003",
  "date": "2025-04-01",
  "time": "13:50"
},
{
  "_id": {
    "$oid": "67e03977bf45b774b02d35ca"
  },
  "showtime_id": "ST025",
  "cinema_id": "R003",
  "room_id": "4",
  "movie_id": "MV004",
  "date": "2025-04-01",
  "time": "13:50"
},
{
  "_id": {
    "$oid": "67e03977bf45b774b02d35cb"
  },
  "showtime_id": "ST026",
  "cinema_id": "R006",
  "room_id": "4",
  "movie_id": "MV001",
  "date": "2025-04-01",
  "time": "14:20"
},
{
  "_id": {
    "$oid": "67e03977bf45b774b02d35cc"
  },
  "showtime_id": "ST027",
  "cinema_id": "R004",
  "room_id": "1",
  "movie_id": "MV004",
  "date": "2025-04-01",
  "time": "14:20"
},
{
  "_id": {
    "$oid": "67e03977bf45b774b02d35cd"
  },
  "showtime_id": "ST028",
  "cinema_id": "R001",
  "room_id": "1",
  "movie_id": "MV002",
  "date": "2025-04-01",
  "time": "14:30"
},
{
  "_id": {
    "$oid": "67e03977bf45b774b02d35ce"
  },
  "showtime_id": "ST029",
  "cinema_id": "R004",
  "room_id": "4",
  "movie_id": "MV007",
  "date": "2025-04-01",
  "time": "14:40"
},
{
  "_id": {
    "$oid": "67e03977bf45b774b02d35cf"
  },
  "showtime_id": "ST030",
  "cinema_id": "R006",
  "room_id": "3",
  "movie_id": "MV002",
  "date": "2025-04-01",
  "time": "15:10"
},
{
  "_id": {
    "$oid": "67e03977bf45b774b02d35d0"
  },
  "showtime_id": "ST031",
  "cinema_id": "R001",
  "room_id": "2",
  "movie_id": "MV008",
  "date": "2025-04-01",
  "time": "15:20"
},
{
  "_id": {
    "$oid": "67e03977bf45b774b02d35d1"
  },
  "showtime_id": "ST032",
  "cinema_id": "R004",
  "room_id": "5",
  "movie_id": "MV001",
  "date": "2025-04-01",
  "time": "16:10"
},
{
  "_id": {
    "$oid": "67e03977bf45b774b02d35d2"
  },
  "showtime_id": "ST033",
  "cinema_id": "R002",
  "room_id": "3",
  "movie_id": "MV004",
  "date": "2025-04-01",
  "time": "16:10"
},
{
  "_id": {
    "$oid": "67e03977bf45b774b02d35d3"
  },
  "showtime_id": "ST034",
  "cinema_id": "R004",
  "room_id": "3",
  "movie_id": "MV003",
  "date": "2025-04-01",
  "time": "16:20"
},
{
  "_id": {
    "$oid": "67e03977bf45b774b02d35d4"
  },
  "showtime_id": "ST035",
  "cinema_id": "R006",
  "room_id": "1",
  "movie_id": "MV004",
  "date": "2025-04-01",
  "time": "16:40"
},
{
  "_id": {
    "$oid": "67e03977bf45b774b02d35d5"
  },
  "showtime_id": "ST036",
  "cinema_id": "R005",
  "room_id": "5",
  "movie_id": "MV002",
  "date": "2025-04-01",
  "time": "16:40"
},
{
  "_id": {
    "$oid": "67e03977bf45b774b02d35d6"
  },
  "showtime_id": "ST037",
  "cinema_id": "R005",
  "room_id": "1",
  "movie_id": "MV006",
  "date": "2025-04-01",
  "time": "16:40"
},
{
  "_id": {
    "$oid": "67e03977bf45b774b02d35d7"
  },
  "showtime_id": "ST038",
  "cinema_id": "R002",
  "room_id": "5",
  "movie_id": "MV008",
  "date": "2025-04-01",
  "time": "16:50"
},
{
  "_id": {
    "$oid": "67e03977bf45b774b02d35d8"
  },
  "showtime_id": "ST039",
  "cinema_id": "R003",
  "room_id": "4",
  "movie_id": "MV003",
  "date": "2025-04-01",
  "time": "16:50"
},
{
  "_id": {
    "$oid": "67e03977bf45b774b02d35d9"
  },
  "showtime_id": "ST040",
  "cinema_id": "R006",
  "room_id": "4",
  "movie_id": "MV003",
  "date": "2025-04-01",
  "time": "16:50"
},
{
  "_id": {
    "$oid": "67e03977bf45b774b02d35da"
  },
  "showtime_id": "ST041",
  "cinema_id": "R001",
  "room_id": "5",
  "movie_id": "MV004",
  "date": "2025-04-01",
  "time": "16:50"
},
{
  "_id": {
    "$oid": "67e03977bf45b774b02d35db"
  },
  "showtime_id": "ST042",
  "cinema_id": "R004",
  "room_id": "2",
  "movie_id": "MV007",
  "date": "2025-04-01",
  "time": "17:10"
},
{
  "_id": {
    "$oid": "67e03977bf45b774b02d35dc"
  },
  "showtime_id": "ST043",
  "cinema_id": "R003",
  "room_id": "3",
  "movie_id": "MV008",
  "date": "2025-04-01",
  "time": "17:20"
},
{
  "_id": {
    "$oid": "67e03977bf45b774b02d35dd"
  },
  "showtime_id": "ST044",
  "cinema_id": "R004",
  "room_id": "4",
  "movie_id": "MV006",
  "date": "2025-04-01",
  "time": "17:20"
},
{
  "_id": {
    "$oid": "67e03977bf45b774b02d35de"
  },
  "showtime_id": "ST045",
  "cinema_id": "R005",
  "room_id": "2",
  "movie_id": "MV006",
  "date": "2025-04-01",
  "time": "17:40"
},
{
  "_id": {
    "$oid": "67e03977bf45b774b02d35df"
  },
  "showtime_id": "ST046",
  "cinema_id": "R001",
  "room_id": "3",
  "movie_id": "MV004",
  "date": "2025-04-01",
  "time": "17:40"
},
{
  "_id": {
    "$oid": "67e03977bf45b774b02d35e0"
  },
  "showtime_id": "ST047",
  "cinema_id": "R006",
  "room_id": "2",
  "movie_id": "MV008",
  "date": "2025-04-01",
  "time": "17:50"
},
{
  "_id": {
    "$oid": "67e03977bf45b774b02d35e1"
  },
  "showtime_id": "ST048",
  "cinema_id": "R006",
  "room_id": "3",
  "movie_id": "MV005",
  "date": "2025-04-01",
  "time": "18:00"
},
{
  "_id": {
    "$oid": "67e03977bf45b774b02d35e2"
  },
  "showtime_id": "ST049",
  "cinema_id": "R002",
  "room_id": "1",
  "movie_id": "MV005",
  "date": "2025-04-01",
  "time": "18:20"
},
{
  "_id": {
    "$oid": "67e03977bf45b774b02d35e3"
  },
  "showtime_id": "ST050",
  "cinema_id": "R001",
  "room_id": "4",
  "movie_id": "MV007",
  "date": "2025-04-01",
  "time": "18:20"
},
{
  "_id": {
    "$oid": "67e03977bf45b774b02d35e4"
  },
  "showtime_id": "ST051",
  "cinema_id": "R001",
  "room_id": "2",
  "movie_id": "MV006",
  "date": "2025-04-01",
  "time": "18:50"
},
{
  "_id": {
    "$oid": "67e03977bf45b774b02d35e5"
  },
  "showtime_id": "ST052",
  "cinema_id": "R005",
  "room_id": "3",
  "movie_id": "MV006",
  "date": "2025-04-01",
  "time": "18:50"
},
{
  "_id": {
    "$oid": "67e03977bf45b774b02d35e6"
  },
  "showtime_id": "ST053",
  "cinema_id": "R003",
  "room_id": "5",
  "movie_id": "MV004",
  "date": "2025-04-01",
  "time": "18:50"
},
{
  "_id": {
    "$oid": "67e03977bf45b774b02d35e7"
  },
  "showtime_id": "ST054",
  "cinema_id": "R002",
  "room_id": "5",
  "movie_id": "MV005",
  "date": "2025-04-01",
  "time": "19:20"
},
{
  "_id": {
    "$oid": "67e03977bf45b774b02d35e8"
  },
  "showtime_id": "ST055",
  "cinema_id": "R005",
  "room_id": "5",
  "movie_id": "MV008",
  "date": "2025-04-01",
  "time": "19:20"
},
{
  "_id": {
    "$oid": "67e03977bf45b774b02d35e9"
  },
  "showtime_id": "ST056",
  "cinema_id": "R002",
  "room_id": "3",
  "movie_id": "MV007",
  "date": "2025-04-01",
  "time": "19:20"
},
{
  "_id": {
    "$oid": "67e03977bf45b774b02d35ea"
  },
  "showtime_id": "ST057",
  "cinema_id": "R003",
  "room_id": "1",
  "movie_id": "MV002",
  "date": "2025-04-01",
  "time": "19:50"
},
{
  "_id": {
    "$oid": "67e03977bf45b774b02d35eb"
  },
  "showtime_id": "ST058",
  "cinema_id": "R004",
  "room_id": "3",
  "movie_id": "MV002",
  "date": "2025-04-01",
  "time": "20:00"
},
{
  "_id": {
    "$oid": "67e03977bf45b774b02d35ec"
  },
  "showtime_id": "ST059",
  "cinema_id": "R006",
  "room_id": "2",
  "movie_id": "MV005",
  "date": "2025-04-01",
  "time": "20:30"
},
{
  "_id": {
    "$oid": "67e03977bf45b774b02d35ed"
  },
  "showtime_id": "ST060",
  "cinema_id": "R002",
  "room_id": "2",
  "movie_id": "MV004",
  "date": "2025-04-01",
  "time": "20:30"
},
{
  "_id": {
    "$oid": "67e03977bf45b774b02d35ee"
  },
  "showtime_id": "ST061",
  "cinema_id": "R005",
  "room_id": "1",
  "movie_id": "MV001",
  "date": "2025-04-01",
  "time": "20:30"
},
{
  "_id": {
    "$oid": "67e03977bf45b774b02d35ef"
  },
  "showtime_id": "ST062",
  "cinema_id": "R003",
  "room_id": "4",
  "movie_id": "MV008",
  "date": "2025-04-01",
  "time": "20:50"
},
{
  "_id": {
    "$oid": "67e03977bf45b774b02d35f0"
  },
  "showtime_id": "ST063",
  "cinema_id": "R001",
  "room_id": "1",
  "movie_id": "MV008",
  "date": "2025-04-01",
  "time": "21:00"
},
{
  "_id": {
    "$oid": "67e03977bf45b774b02d35f1"
  },
  "showtime_id": "ST064",
  "cinema_id": "R003",
  "room_id": "2",
  "movie_id": "MV008",
  "date": "2025-04-01",
  "time": "21:10"
},
{
  "_id": {
    "$oid": "67e03977bf45b774b02d35f2"
  },
  "showtime_id": "ST065",
  "cinema_id": "R004",
  "room_id": "2",
  "movie_id": "MV007",
  "date": "2025-04-01",
  "time": "21:20"
},
{
  "_id": {
    "$oid": "67e03977bf45b774b02d35f3"
  },
  "showtime_id": "ST066",
  "cinema_id": "R004",
  "room_id": "5",
  "movie_id": "MV002",
  "date": "2025-04-01",
  "time": "21:20"
},
{
  "_id": {
    "$oid": "67e03977bf45b774b02d35f4"
  },
  "showtime_id": "ST067",
  "cinema_id": "R005",
  "room_id": "2",
  "movie_id": "MV002",
  "date": "2025-04-01",
  "time": "21:20"
},
{
  "_id": {
    "$oid": "67e03977bf45b774b02d35f5"
  },
  "showtime_id": "ST068",
  "cinema_id": "R001",
  "room_id": "5",
  "movie_id": "MV003",
  "date": "2025-04-01",
  "time": "21:30"
},
{
  "_id": {
    "$oid": "67e03977bf45b774b02d35f6"
  },
  "showtime_id": "ST069",
  "cinema_id": "R003",
  "room_id": "5",
  "movie_id": "MV006",
  "date": "2025-04-01",
  "time": "21:30"
},
{
  "_id": {
    "$oid": "67e03977bf45b774b02d35f7"
  },
  "showtime_id": "ST070",
  "cinema_id": "R001",
  "room_id": "3",
  "movie_id": "MV008",
  "date": "2025-04-01",
  "time": "21:30"
},
{
  "_id": {
    "$oid": "67e03977bf45b774b02d35f8"
  },
  "showtime_id": "ST071",
  "cinema_id": "R006",
  "room_id": "4",
  "movie_id": "MV007",
  "date": "2025-04-01",
  "time": "21:40"
},
{
  "_id": {
    "$oid": "67e03977bf45b774b02d35f9"
  },
  "showtime_id": "ST072",
  "cinema_id": "R005",
  "room_id": "3",
  "movie_id": "MV007",
  "date": "2025-04-01",
  "time": "21:50"
},
{
  "_id": {
    "$oid": "67e03977bf45b774b02d35fa"
  },
  "showtime_id": "ST073",
  "cinema_id": "R002",
  "room_id": "4",
  "movie_id": "MV003",
  "date": "2025-04-01",
  "time": "22:30"
},
{
  "_id": {
    "$oid": "67e03977bf45b774b02d35fb"
  },
  "showtime_id": "ST074",
  "cinema_id": "R004",
  "room_id": "1",
  "movie_id": "MV008",
  "date": "2025-04-01",
  "time": "22:30"
},
{
  "_id": {
    "$oid": "67e03977bf45b774b02d35fc"
  },
  "showtime_id": "ST075",
  "cinema_id": "R002",
  "room_id": "5",
  "movie_id": "MV005",
  "date": "2025-04-01",
  "time": "22:40"
},
{
  "_id": {
    "$oid": "67e03977bf45b774b02d35fd"
  },
  "showtime_id": "ST076",
  "cinema_id": "R006",
  "room_id": "4",
  "movie_id": "MV006",
  "date": "2025-04-02",
  "time": "10:00"
},
{
  "_id": {
    "$oid": "67e03977bf45b774b02d35fe"
  },
  "showtime_id": "ST077",
  "cinema_id": "R001",
  "room_id": "2",
  "movie_id": "MV002",
  "date": "2025-04-02",
  "time": "10:10"
},
{
  "_id": {
    "$oid": "67e03977bf45b774b02d35ff"
  },
  "showtime_id": "ST078",
  "cinema_id": "R003",
  "room_id": "4",
  "movie_id": "MV007",
  "date": "2025-04-02",
  "time": "10:10"
},
{
  "_id": {
    "$oid": "67e03977bf45b774b02d3600"
  },
  "showtime_id": "ST079",
  "cinema_id": "R005",
  "room_id": "5",
  "movie_id": "MV008",
  "date": "2025-04-02",
  "time": "10:10"
},
{
  "_id": {
    "$oid": "67e03977bf45b774b02d3601"
  },
  "showtime_id": "ST080",
  "cinema_id": "R002",
  "room_id": "4",
  "movie_id": "MV004",
  "date": "2025-04-02",
  "time": "10:20"
},
{
  "_id": {
    "$oid": "67e03977bf45b774b02d3602"
  },
  "showtime_id": "ST081",
  "cinema_id": "R002",
  "room_id": "3",
  "movie_id": "MV005",
  "date": "2025-04-02",
  "time": "10:50"
},
{
  "_id": {
    "$oid": "67e03977bf45b774b02d3603"
  },
  "showtime_id": "ST082",
  "cinema_id": "R004",
  "room_id": "3",
  "movie_id": "MV001",
  "date": "2025-04-02",
  "time": "10:50"
},
{
  "_id": {
    "$oid": "67e03977bf45b774b02d3604"
  },
  "showtime_id": "ST083",
  "cinema_id": "R004",
  "room_id": "1",
  "movie_id": "MV008",
  "date": "2025-04-02",
  "time": "10:50"
},
{
  "_id": {
    "$oid": "67e03977bf45b774b02d3605"
  },
  "showtime_id": "ST084",
  "cinema_id": "R001",
  "room_id": "4",
  "movie_id": "MV001",
  "date": "2025-04-02",
  "time": "10:50"
},
{
  "_id": {
    "$oid": "67e03977bf45b774b02d3606"
  },
  "showtime_id": "ST085",
  "cinema_id": "R005",
  "room_id": "4",
  "movie_id": "MV004",
  "date": "2025-04-02",
  "time": "11:00"
},
{
  "_id": {
    "$oid": "67e03977bf45b774b02d3607"
  },
  "showtime_id": "ST086",
  "cinema_id": "R001",
  "room_id": "3",
  "movie_id": "MV001",
  "date": "2025-04-02",
  "time": "11:20"
},
{
  "_id": {
    "$oid": "67e03977bf45b774b02d3608"
  },
  "showtime_id": "ST087",
  "cinema_id": "R004",
  "room_id": "5",
  "movie_id": "MV001",
  "date": "2025-04-02",
  "time": "11:30"
},
{
  "_id": {
    "$oid": "67e03977bf45b774b02d3609"
  },
  "showtime_id": "ST088",
  "cinema_id": "R002",
  "room_id": "5",
  "movie_id": "MV004",
  "date": "2025-04-02",
  "time": "11:40"
},
{
  "_id": {
    "$oid": "67e03977bf45b774b02d360a"
  },
  "showtime_id": "ST089",
  "cinema_id": "R003",
  "room_id": "2",
  "movie_id": "MV006",
  "date": "2025-04-02",
  "time": "11:50"
},
{
  "_id": {
    "$oid": "67e03977bf45b774b02d360b"
  },
  "showtime_id": "ST090",
  "cinema_id": "R006",
  "room_id": "3",
  "movie_id": "MV002",
  "date": "2025-04-02",
  "time": "12:10"
},
{
  "_id": {
    "$oid": "67e03977bf45b774b02d360c"
  },
  "showtime_id": "ST091",
  "cinema_id": "R001",
  "room_id": "2",
  "movie_id": "MV001",
  "date": "2025-04-02",
  "time": "12:40"
},
{
  "_id": {
    "$oid": "67e03977bf45b774b02d360d"
  },
  "showtime_id": "ST092",
  "cinema_id": "R004",
  "room_id": "2",
  "movie_id": "MV004",
  "date": "2025-04-02",
  "time": "13:10"
},
{
  "_id": {
    "$oid": "67e03977bf45b774b02d360e"
  },
  "showtime_id": "ST093",
  "cinema_id": "R005",
  "room_id": "2",
  "movie_id": "MV006",
  "date": "2025-04-02",
  "time": "13:20"
},
{
  "_id": {
    "$oid": "67e03977bf45b774b02d360f"
  },
  "showtime_id": "ST094",
  "cinema_id": "R004",
  "room_id": "1",
  "movie_id": "MV001",
  "date": "2025-04-02",
  "time": "13:20"
},
{
  "_id": {
    "$oid": "67e03977bf45b774b02d3610"
  },
  "showtime_id": "ST095",
  "cinema_id": "R002",
  "room_id": "1",
  "movie_id": "MV005",
  "date": "2025-04-02",
  "time": "13:20"
},
{
  "_id": {
    "$oid": "67e03977bf45b774b02d3611"
  },
  "showtime_id": "ST096",
  "cinema_id": "R001",
  "room_id": "5",
  "movie_id": "MV003",
  "date": "2025-04-02",
  "time": "13:20"
},
{
  "_id": {
    "$oid": "67e03977bf45b774b02d3612"
  },
  "showtime_id": "ST097",
  "cinema_id": "R006",
  "room_id": "1",
  "movie_id": "MV005",
  "date": "2025-04-02",
  "time": "13:30"
},
{
  "_id": {
    "$oid": "67e03977bf45b774b02d3613"
  },
  "showtime_id": "ST098",
  "cinema_id": "R003",
  "room_id": "5",
  "movie_id": "MV007",
  "date": "2025-04-02",
  "time": "13:50"
},
{
  "_id": {
    "$oid": "67e03977bf45b774b02d3614"
  },
  "showtime_id": "ST099",
  "cinema_id": "R006",
  "room_id": "4",
  "movie_id": "MV005",
  "date": "2025-04-02",
  "time": "14:10"
},
{
  "_id": {
    "$oid": "67e03977bf45b774b02d3615"
  },
  "showtime_id": "ST100",
  "cinema_id": "R005",
  "room_id": "3",
  "movie_id": "MV001",
  "date": "2025-04-02",
  "time": "14:30"
},
{
  "_id": {
    "$oid": "67e03977bf45b774b02d3616"
  },
  "showtime_id": "ST101",
  "cinema_id": "R001",
  "room_id": "3",
  "movie_id": "MV007",
  "date": "2025-04-02",
  "time": "14:30"
},
{
  "_id": {
    "$oid": "67e03977bf45b774b02d3617"
  },
  "showtime_id": "ST102",
  "cinema_id": "R003",
  "room_id": "1",
  "movie_id": "MV008",
  "date": "2025-04-02",
  "time": "14:40"
},
{
  "_id": {
    "$oid": "67e03977bf45b774b02d3618"
  },
  "showtime_id": "ST103",
  "cinema_id": "R002",
  "room_id": "3",
  "movie_id": "MV008",
  "date": "2025-04-02",
  "time": "14:50"
},
{
  "_id": {
    "$oid": "67e03977bf45b774b02d3619"
  },
  "showtime_id": "ST104",
  "cinema_id": "R001",
  "room_id": "1",
  "movie_id": "MV003",
  "date": "2025-04-02",
  "time": "14:50"
},
{
  "_id": {
    "$oid": "67e03977bf45b774b02d361a"
  },
  "showtime_id": "ST105",
  "cinema_id": "R004",
  "room_id": "4",
  "movie_id": "MV007",
  "date": "2025-04-02",
  "time": "14:50"
},
{
  "_id": {
    "$oid": "67e03977bf45b774b02d361b"
  },
  "showtime_id": "ST106",
  "cinema_id": "R001",
  "room_id": "4",
  "movie_id": "MV007",
  "date": "2025-04-02",
  "time": "15:00"
},
{
  "_id": {
    "$oid": "67e03977bf45b774b02d361c"
  },
  "showtime_id": "ST107",
  "cinema_id": "R004",
  "room_id": "5",
  "movie_id": "MV006",
  "date": "2025-04-02",
  "time": "15:00"
},
{
  "_id": {
    "$oid": "67e03977bf45b774b02d361d"
  },
  "showtime_id": "ST108",
  "cinema_id": "R002",
  "room_id": "5",
  "movie_id": "MV001",
  "date": "2025-04-02",
  "time": "15:00"
},
{
  "_id": {
    "$oid": "67e03977bf45b774b02d361e"
  },
  "showtime_id": "ST109",
  "cinema_id": "R006",
  "room_id": "2",
  "movie_id": "MV007",
  "date": "2025-04-02",
  "time": "15:10"
},
{
  "_id": {
    "$oid": "67e03977bf45b774b02d361f"
  },
  "showtime_id": "ST110",
  "cinema_id": "R005",
  "room_id": "1",
  "movie_id": "MV005",
  "date": "2025-04-02",
  "time": "15:40"
},
{
  "_id": {
    "$oid": "67e03977bf45b774b02d3620"
  },
  "showtime_id": "ST111",
  "cinema_id": "R003",
  "room_id": "2",
  "movie_id": "MV002",
  "date": "2025-04-02",
  "time": "15:40"
},
{
  "_id": {
    "$oid": "67e03977bf45b774b02d3621"
  },
  "showtime_id": "ST112",
  "cinema_id": "R005",
  "room_id": "2",
  "movie_id": "MV003",
  "date": "2025-04-02",
  "time": "16:20"
},
{
  "_id": {
    "$oid": "67e03977bf45b774b02d3622"
  },
  "showtime_id": "ST113",
  "cinema_id": "R002",
  "room_id": "4",
  "movie_id": "MV003",
  "date": "2025-04-02",
  "time": "16:20"
},
{
  "_id": {
    "$oid": "67e03977bf45b774b02d3623"
  },
  "showtime_id": "ST114",
  "cinema_id": "R006",
  "room_id": "3",
  "movie_id": "MV002",
  "date": "2025-04-02",
  "time": "16:50"
},
{
  "_id": {
    "$oid": "67e03977bf45b774b02d3624"
  },
  "showtime_id": "ST115",
  "cinema_id": "R006",
  "room_id": "4",
  "movie_id": "MV005",
  "date": "2025-04-02",
  "time": "17:00"
},
{
  "_id": {
    "$oid": "67e03977bf45b774b02d3625"
  },
  "showtime_id": "ST116",
  "cinema_id": "R002",
  "room_id": "3",
  "movie_id": "MV007",
  "date": "2025-04-02",
  "time": "17:20"
},
{
  "_id": {
    "$oid": "67e03977bf45b774b02d3626"
  },
  "showtime_id": "ST117",
  "cinema_id": "R003",
  "room_id": "3",
  "movie_id": "MV006",
  "date": "2025-04-02",
  "time": "17:20"
},
{
  "_id": {
    "$oid": "67e03977bf45b774b02d3627"
  },
  "showtime_id": "ST118",
  "cinema_id": "R001",
  "room_id": "2",
  "movie_id": "MV002",
  "date": "2025-04-02",
  "time": "17:40"
},
{
  "_id": {
    "$oid": "67e03977bf45b774b02d3628"
  },
  "showtime_id": "ST119",
  "cinema_id": "R001",
  "room_id": "1",
  "movie_id": "MV004",
  "date": "2025-04-02",
  "time": "17:40"
},
{
  "_id": {
    "$oid": "67e03977bf45b774b02d3629"
  },
  "showtime_id": "ST120",
  "cinema_id": "R006",
  "room_id": "2",
  "movie_id": "MV003",
  "date": "2025-04-02",
  "time": "17:50"
},
{
  "_id": {
    "$oid": "67e03977bf45b774b02d362a"
  },
  "showtime_id": "ST121",
  "cinema_id": "R004",
  "room_id": "4",
  "movie_id": "MV005",
  "date": "2025-04-02",
  "time": "17:50"
},
{
  "_id": {
    "$oid": "67e03977bf45b774b02d362b"
  },
  "showtime_id": "ST122",
  "cinema_id": "R006",
  "room_id": "1",
  "movie_id": "MV002",
  "date": "2025-04-02",
  "time": "18:10"
},
{
  "_id": {
    "$oid": "67e03977bf45b774b02d362c"
  },
  "showtime_id": "ST123",
  "cinema_id": "R004",
  "room_id": "1",
  "movie_id": "MV002",
  "date": "2025-04-02",
  "time": "18:20"
},
{
  "_id": {
    "$oid": "67e03977bf45b774b02d362d"
  },
  "showtime_id": "ST124",
  "cinema_id": "R001",
  "room_id": "5",
  "movie_id": "MV006",
  "date": "2025-04-02",
  "time": "19:10"
},
{
  "_id": {
    "$oid": "67e03977bf45b774b02d362e"
  },
  "showtime_id": "ST125",
  "cinema_id": "R003",
  "room_id": "5",
  "movie_id": "MV004",
  "date": "2025-04-02",
  "time": "19:10"
},
{
  "_id": {
    "$oid": "67e03977bf45b774b02d362f"
  },
  "showtime_id": "ST126",
  "cinema_id": "R003",
  "room_id": "4",
  "movie_id": "MV003",
  "date": "2025-04-02",
  "time": "19:20"
},
{
  "_id": {
    "$oid": "67e03977bf45b774b02d3630"
  },
  "showtime_id": "ST127",
  "cinema_id": "R004",
  "room_id": "3",
  "movie_id": "MV003",
  "date": "2025-04-02",
  "time": "19:20"
},
{
  "_id": {
    "$oid": "67e03977bf45b774b02d3631"
  },
  "showtime_id": "ST128",
  "cinema_id": "R005",
  "room_id": "1",
  "movie_id": "MV005",
  "date": "2025-04-02",
  "time": "19:40"
},
{
  "_id": {
    "$oid": "67e03977bf45b774b02d3632"
  },
  "showtime_id": "ST129",
  "cinema_id": "R003",
  "room_id": "3",
  "movie_id": "MV003",
  "date": "2025-04-02",
  "time": "20:10"
},
{
  "_id": {
    "$oid": "67e03977bf45b774b02d3633"
  },
  "showtime_id": "ST130",
  "cinema_id": "R005",
  "room_id": "5",
  "movie_id": "MV002",
  "date": "2025-04-02",
  "time": "20:30"
},
{
  "_id": {
    "$oid": "67e03977bf45b774b02d3634"
  },
  "showtime_id": "ST131",
  "cinema_id": "R004",
  "room_id": "5",
  "movie_id": "MV001",
  "date": "2025-04-02",
  "time": "20:30"
},
{
  "_id": {
    "$oid": "67e03977bf45b774b02d3635"
  },
  "showtime_id": "ST132",
  "cinema_id": "R006",
  "room_id": "4",
  "movie_id": "MV004",
  "date": "2025-04-02",
  "time": "20:50"
},
{
  "_id": {
    "$oid": "67e03977bf45b774b02d3636"
  },
  "showtime_id": "ST133",
  "cinema_id": "R006",
  "room_id": "2",
  "movie_id": "MV003",
  "date": "2025-04-02",
  "time": "21:00"
},
{
  "_id": {
    "$oid": "67e03977bf45b774b02d3637"
  },
  "showtime_id": "ST134",
  "cinema_id": "R001",
  "room_id": "1",
  "movie_id": "MV005",
  "date": "2025-04-02",
  "time": "21:20"
},
{
  "_id": {
    "$oid": "67e03977bf45b774b02d3638"
  },
  "showtime_id": "ST135",
  "cinema_id": "R004",
  "room_id": "2",
  "movie_id": "MV002",
  "date": "2025-04-02",
  "time": "21:30"
},
{
  "_id": {
    "$oid": "67e03977bf45b774b02d3639"
  },
  "showtime_id": "ST136",
  "cinema_id": "R001",
  "room_id": "5",
  "movie_id": "MV004",
  "date": "2025-04-02",
  "time": "21:40"
},
{
  "_id": {
    "$oid": "67e03977bf45b774b02d363a"
  },
  "showtime_id": "ST137",
  "cinema_id": "R002",
  "room_id": "4",
  "movie_id": "MV008",
  "date": "2025-04-02",
  "time": "21:40"
},
{
  "_id": {
    "$oid": "67e03977bf45b774b02d363b"
  },
  "showtime_id": "ST138",
  "cinema_id": "R002",
  "room_id": "1",
  "movie_id": "MV003",
  "date": "2025-04-02",
  "time": "21:50"
},
{
  "_id": {
    "$oid": "67e03977bf45b774b02d363c"
  },
  "showtime_id": "ST139",
  "cinema_id": "R001",
  "room_id": "3",
  "movie_id": "MV008",
  "date": "2025-04-02",
  "time": "22:20"
},
{
  "_id": {
    "$oid": "67e03977bf45b774b02d363d"
  },
  "showtime_id": "ST140",
  "cinema_id": "R002",
  "room_id": "5",
  "movie_id": "MV001",
  "date": "2025-04-02",
  "time": "22:20"
},
{
  "_id": {
    "$oid": "67e03977bf45b774b02d363e"
  },
  "showtime_id": "ST141",
  "cinema_id": "R001",
  "room_id": "2",
  "movie_id": "MV003",
  "date": "2025-04-02",
  "time": "22:40"
},
{
  "_id": {
    "$oid": "67e03977bf45b774b02d363f"
  },
  "showtime_id": "ST142",
  "cinema_id": "R004",
  "room_id": "3",
  "movie_id": "MV008",
  "date": "2025-04-02",
  "time": "22:40"
},
{
  "_id": {
    "$oid": "67e03977bf45b774b02d3640"
  },
  "showtime_id": "ST143",
  "cinema_id": "R005",
  "room_id": "3",
  "movie_id": "MV008",
  "date": "2025-04-02",
  "time": "22:40"
},
{
  "_id": {
    "$oid": "67e03977bf45b774b02d3641"
  },
  "showtime_id": "ST144",
  "cinema_id": "R001",
  "room_id": "4",
  "movie_id": "MV002",
  "date": "2025-04-02",
  "time": "22:50"
},
{
  "_id": {
    "$oid": "67e03977bf45b774b02d3642"
  },
  "showtime_id": "ST145",
  "cinema_id": "R006",
  "room_id": "3",
  "movie_id": "MV003",
  "date": "2025-04-03",
  "time": "10:00"
},
{
  "_id": {
    "$oid": "67e03977bf45b774b02d3643"
  },
  "showtime_id": "ST146",
  "cinema_id": "R003",
  "room_id": "1",
  "movie_id": "MV004",
  "date": "2025-04-03",
  "time": "10:00"
},
{
  "_id": {
    "$oid": "67e03977bf45b774b02d3644"
  },
  "showtime_id": "ST147",
  "cinema_id": "R004",
  "room_id": "3",
  "movie_id": "MV007",
  "date": "2025-04-03",
  "time": "10:00"
},
{
  "_id": {
    "$oid": "67e03977bf45b774b02d3645"
  },
  "showtime_id": "ST148",
  "cinema_id": "R004",
  "room_id": "5",
  "movie_id": "MV008",
  "date": "2025-04-03",
  "time": "10:10"
},
{
  "_id": {
    "$oid": "67e03977bf45b774b02d3646"
  },
  "showtime_id": "ST149",
  "cinema_id": "R003",
  "room_id": "5",
  "movie_id": "MV001",
  "date": "2025-04-03",
  "time": "10:20"
},
{
  "_id": {
    "$oid": "67e03977bf45b774b02d3647"
  },
  "showtime_id": "ST150",
  "cinema_id": "R004",
  "room_id": "4",
  "movie_id": "MV007",
  "date": "2025-04-03",
  "time": "10:20"
},
{
  "_id": {
    "$oid": "67e03977bf45b774b02d3648"
  },
  "showtime_id": "ST151",
  "cinema_id": "R001",
  "room_id": "3",
  "movie_id": "MV004",
  "date": "2025-04-03",
  "time": "10:40"
},
{
  "_id": {
    "$oid": "67e03977bf45b774b02d3649"
  },
  "showtime_id": "ST152",
  "cinema_id": "R005",
  "room_id": "2",
  "movie_id": "MV008",
  "date": "2025-04-03",
  "time": "10:40"
},
{
  "_id": {
    "$oid": "67e03977bf45b774b02d364a"
  },
  "showtime_id": "ST153",
  "cinema_id": "R002",
  "room_id": "3",
  "movie_id": "MV002",
  "date": "2025-04-03",
  "time": "11:10"
},
{
  "_id": {
    "$oid": "67e03977bf45b774b02d364b"
  },
  "showtime_id": "ST154",
  "cinema_id": "R002",
  "room_id": "2",
  "movie_id": "MV002",
  "date": "2025-04-03",
  "time": "11:20"
},
{
  "_id": {
    "$oid": "67e03977bf45b774b02d364c"
  },
  "showtime_id": "ST155",
  "cinema_id": "R006",
  "room_id": "2",
  "movie_id": "MV008",
  "date": "2025-04-03",
  "time": "11:40"
},
{
  "_id": {
    "$oid": "67e03977bf45b774b02d364d"
  },
  "showtime_id": "ST156",
  "cinema_id": "R001",
  "room_id": "5",
  "movie_id": "MV002",
  "date": "2025-04-03",
  "time": "11:40"
},
{
  "_id": {
    "$oid": "67e03977bf45b774b02d364e"
  },
  "showtime_id": "ST157",
  "cinema_id": "R001",
  "room_id": "4",
  "movie_id": "MV006",
  "date": "2025-04-03",
  "time": "12:00"
},
{
  "_id": {
    "$oid": "67e03977bf45b774b02d364f"
  },
  "showtime_id": "ST158",
  "cinema_id": "R003",
  "room_id": "2",
  "movie_id": "MV005",
  "date": "2025-04-03",
  "time": "12:00"
},
{
  "_id": {
    "$oid": "67e03977bf45b774b02d3650"
  },
  "showtime_id": "ST159",
  "cinema_id": "R002",
  "room_id": "1",
  "movie_id": "MV004",
  "date": "2025-04-03",
  "time": "12:10"
},
{
  "_id": {
    "$oid": "67e03977bf45b774b02d3651"
  },
  "showtime_id": "ST160",
  "cinema_id": "R006",
  "room_id": "1",
  "movie_id": "MV005",
  "date": "2025-04-03",
  "time": "12:10"
},
{
  "_id": {
    "$oid": "67e03977bf45b774b02d3652"
  },
  "showtime_id": "ST161",
  "cinema_id": "R001",
  "room_id": "2",
  "movie_id": "MV002",
  "date": "2025-04-03",
  "time": "12:20"
},
{
  "_id": {
    "$oid": "67e03977bf45b774b02d3653"
  },
  "showtime_id": "ST162",
  "cinema_id": "R001",
  "room_id": "1",
  "movie_id": "MV001",
  "date": "2025-04-03",
  "time": "12:20"
},
{
  "_id": {
    "$oid": "67e03977bf45b774b02d3654"
  },
  "showtime_id": "ST163",
  "cinema_id": "R005",
  "room_id": "5",
  "movie_id": "MV001",
  "date": "2025-04-03",
  "time": "12:50"
},
{
  "_id": {
    "$oid": "67e03977bf45b774b02d3655"
  },
  "showtime_id": "ST164",
  "cinema_id": "R003",
  "room_id": "3",
  "movie_id": "MV004",
  "date": "2025-04-03",
  "time": "13:00"
},
{
  "_id": {
    "$oid": "67e03977bf45b774b02d3656"
  },
  "showtime_id": "ST165",
  "cinema_id": "R004",
  "room_id": "4",
  "movie_id": "MV007",
  "date": "2025-04-03",
  "time": "13:10"
},
{
  "_id": {
    "$oid": "67e03977bf45b774b02d3657"
  },
  "showtime_id": "ST166",
  "cinema_id": "R005",
  "room_id": "3",
  "movie_id": "MV002",
  "date": "2025-04-03",
  "time": "13:10"
},
{
  "_id": {
    "$oid": "67e03977bf45b774b02d3658"
  },
  "showtime_id": "ST167",
  "cinema_id": "R003",
  "room_id": "1",
  "movie_id": "MV002",
  "date": "2025-04-03",
  "time": "13:20"
},
{
  "_id": {
    "$oid": "67e03977bf45b774b02d3659"
  },
  "showtime_id": "ST168",
  "cinema_id": "R004",
  "room_id": "3",
  "movie_id": "MV008",
  "date": "2025-04-03",
  "time": "13:30"
},
{
  "_id": {
    "$oid": "67e03977bf45b774b02d365a"
  },
  "showtime_id": "ST169",
  "cinema_id": "R006",
  "room_id": "4",
  "movie_id": "MV003",
  "date": "2025-04-03",
  "time": "13:30"
},
{
  "_id": {
    "$oid": "67e03977bf45b774b02d365b"
  },
  "showtime_id": "ST170",
  "cinema_id": "R003",
  "room_id": "4",
  "movie_id": "MV002",
  "date": "2025-04-03",
  "time": "13:40"
},
{
  "_id": {
    "$oid": "67e03977bf45b774b02d365c"
  },
  "showtime_id": "ST171",
  "cinema_id": "R004",
  "room_id": "5",
  "movie_id": "MV003",
  "date": "2025-04-03",
  "time": "14:00"
},
{
  "_id": {
    "$oid": "67e03977bf45b774b02d365d"
  },
  "showtime_id": "ST172",
  "cinema_id": "R005",
  "room_id": "4",
  "movie_id": "MV003",
  "date": "2025-04-03",
  "time": "14:10"
},
{
  "_id": {
    "$oid": "67e03977bf45b774b02d365e"
  },
  "showtime_id": "ST173",
  "cinema_id": "R002",
  "room_id": "3",
  "movie_id": "MV005",
  "date": "2025-04-03",
  "time": "14:20"
},
{
  "_id": {
    "$oid": "67e03977bf45b774b02d365f"
  },
  "showtime_id": "ST174",
  "cinema_id": "R004",
  "room_id": "1",
  "movie_id": "MV007",
  "date": "2025-04-03",
  "time": "14:30"
},
{
  "_id": {
    "$oid": "67e03977bf45b774b02d3660"
  },
  "showtime_id": "ST175",
  "cinema_id": "R006",
  "room_id": "1",
  "movie_id": "MV005",
  "date": "2025-04-03",
  "time": "14:40"
},
{
  "_id": {
    "$oid": "67e03977bf45b774b02d3661"
  },
  "showtime_id": "ST176",
  "cinema_id": "R002",
  "room_id": "4",
  "movie_id": "MV006",
  "date": "2025-04-03",
  "time": "14:40"
},
{
  "_id": {
    "$oid": "67e03977bf45b774b02d3662"
  },
  "showtime_id": "ST177",
  "cinema_id": "R005",
  "room_id": "1",
  "movie_id": "MV006",
  "date": "2025-04-03",
  "time": "15:10"
},
{
  "_id": {
    "$oid": "67e03977bf45b774b02d3663"
  },
  "showtime_id": "ST178",
  "cinema_id": "R005",
  "room_id": "2",
  "movie_id": "MV004",
  "date": "2025-04-03",
  "time": "15:20"
},
{
  "_id": {
    "$oid": "67e03977bf45b774b02d3664"
  },
  "showtime_id": "ST179",
  "cinema_id": "R002",
  "room_id": "2",
  "movie_id": "MV001",
  "date": "2025-04-03",
  "time": "15:20"
},
{
  "_id": {
    "$oid": "67e03977bf45b774b02d3665"
  },
  "showtime_id": "ST180",
  "cinema_id": "R002",
  "room_id": "5",
  "movie_id": "MV004",
  "date": "2025-04-03",
  "time": "15:40"
},
{
  "_id": {
    "$oid": "67e03977bf45b774b02d3666"
  },
  "showtime_id": "ST181",
  "cinema_id": "R006",
  "room_id": "2",
  "movie_id": "MV006",
  "date": "2025-04-03",
  "time": "15:40"
},
{
  "_id": {
    "$oid": "67e03977bf45b774b02d3667"
  },
  "showtime_id": "ST182",
  "cinema_id": "R001",
  "room_id": "5",
  "movie_id": "MV006",
  "date": "2025-04-03",
  "time": "15:50"
},
{
  "_id": {
    "$oid": "67e03977bf45b774b02d3668"
  },
  "showtime_id": "ST183",
  "cinema_id": "R004",
  "room_id": "3",
  "movie_id": "MV006",
  "date": "2025-04-03",
  "time": "16:00"
},
{
  "_id": {
    "$oid": "67e03977bf45b774b02d3669"
  },
  "showtime_id": "ST184",
  "cinema_id": "R003",
  "room_id": "5",
  "movie_id": "MV004",
  "date": "2025-04-03",
  "time": "16:10"
},
{
  "_id": {
    "$oid": "67e03977bf45b774b02d366a"
  },
  "showtime_id": "ST185",
  "cinema_id": "R005",
  "room_id": "5",
  "movie_id": "MV004",
  "date": "2025-04-03",
  "time": "16:10"
},
{
  "_id": {
    "$oid": "67e03977bf45b774b02d366b"
  },
  "showtime_id": "ST186",
  "cinema_id": "R006",
  "room_id": "4",
  "movie_id": "MV005",
  "date": "2025-04-03",
  "time": "16:40"
},
{
  "_id": {
    "$oid": "67e03977bf45b774b02d366c"
  },
  "showtime_id": "ST187",
  "cinema_id": "R003",
  "room_id": "1",
  "movie_id": "MV005",
  "date": "2025-04-03",
  "time": "17:00"
},
{
  "_id": {
    "$oid": "67e03977bf45b774b02d366d"
  },
  "showtime_id": "ST188",
  "cinema_id": "R005",
  "room_id": "3",
  "movie_id": "MV002",
  "date": "2025-04-03",
  "time": "17:10"
},
{
  "_id": {
    "$oid": "67e03977bf45b774b02d366e"
  },
  "showtime_id": "ST189",
  "cinema_id": "R003",
  "room_id": "3",
  "movie_id": "MV007",
  "date": "2025-04-03",
  "time": "17:20"
},
{
  "_id": {
    "$oid": "67e03977bf45b774b02d366f"
  },
  "showtime_id": "ST190",
  "cinema_id": "R004",
  "room_id": "1",
  "movie_id": "MV005",
  "date": "2025-04-03",
  "time": "17:30"
},
{
  "_id": {
    "$oid": "67e03977bf45b774b02d3670"
  },
  "showtime_id": "ST191",
  "cinema_id": "R006",
  "room_id": "1",
  "movie_id": "MV005",
  "date": "2025-04-03",
  "time": "17:40"
},
{
  "_id": {
    "$oid": "67e03977bf45b774b02d3671"
  },
  "showtime_id": "ST192",
  "cinema_id": "R003",
  "room_id": "2",
  "movie_id": "MV006",
  "date": "2025-04-03",
  "time": "18:00"
},
{
  "_id": {
    "$oid": "67e03977bf45b774b02d3672"
  },
  "showtime_id": "ST193",
  "cinema_id": "R004",
  "room_id": "4",
  "movie_id": "MV004",
  "date": "2025-04-03",
  "time": "18:30"
},
{
  "_id": {
    "$oid": "67e03977bf45b774b02d3673"
  },
  "showtime_id": "ST194",
  "cinema_id": "R001",
  "room_id": "4",
  "movie_id": "MV003",
  "date": "2025-04-03",
  "time": "18:30"
},
{
  "_id": {
    "$oid": "67e03977bf45b774b02d3674"
  },
  "showtime_id": "ST195",
  "cinema_id": "R005",
  "room_id": "2",
  "movie_id": "MV006",
  "date": "2025-04-03",
  "time": "18:50"
},
{
  "_id": {
    "$oid": "67e03977bf45b774b02d3675"
  },
  "showtime_id": "ST196",
  "cinema_id": "R002",
  "room_id": "5",
  "movie_id": "MV001",
  "date": "2025-04-03",
  "time": "18:50"
},
{
  "_id": {
    "$oid": "67e03977bf45b774b02d3676"
  },
  "showtime_id": "ST197",
  "cinema_id": "R003",
  "room_id": "1",
  "movie_id": "MV006",
  "date": "2025-04-03",
  "time": "19:30"
},
{
  "_id": {
    "$oid": "67e03977bf45b774b02d3677"
  },
  "showtime_id": "ST198",
  "cinema_id": "R004",
  "room_id": "3",
  "movie_id": "MV001",
  "date": "2025-04-03",
  "time": "19:40"
},
{
  "_id": {
    "$oid": "67e03977bf45b774b02d3678"
  },
  "showtime_id": "ST199",
  "cinema_id": "R001",
  "room_id": "3",
  "movie_id": "MV007",
  "date": "2025-04-03",
  "time": "19:40"
},
{
  "_id": {
    "$oid": "67e03977bf45b774b02d3679"
  },
  "showtime_id": "ST200",
  "cinema_id": "R003",
  "room_id": "4",
  "movie_id": "MV005",
  "date": "2025-04-03",
  "time": "20:00"
},
{
  "_id": {
    "$oid": "67e03977bf45b774b02d367a"
  },
  "showtime_id": "ST201",
  "cinema_id": "R006",
  "room_id": "2",
  "movie_id": "MV004",
  "date": "2025-04-03",
  "time": "20:20"
},
{
  "_id": {
    "$oid": "67e03977bf45b774b02d367b"
  },
  "showtime_id": "ST202",
  "cinema_id": "R004",
  "room_id": "5",
  "movie_id": "MV006",
  "date": "2025-04-03",
  "time": "20:30"
},
{
  "_id": {
    "$oid": "67e03977bf45b774b02d367c"
  },
  "showtime_id": "ST203",
  "cinema_id": "R002",
  "room_id": "4",
  "movie_id": "MV006",
  "date": "2025-04-03",
  "time": "20:30"
},
{
  "_id": {
    "$oid": "67e03977bf45b774b02d367d"
  },
  "showtime_id": "ST204",
  "cinema_id": "R006",
  "room_id": "3",
  "movie_id": "MV004",
  "date": "2025-04-03",
  "time": "20:50"
},
{
  "_id": {
    "$oid": "67e03977bf45b774b02d367e"
  },
  "showtime_id": "ST205",
  "cinema_id": "R002",
  "room_id": "3",
  "movie_id": "MV002",
  "date": "2025-04-03",
  "time": "20:50"
},
{
  "_id": {
    "$oid": "67e03977bf45b774b02d367f"
  },
  "showtime_id": "ST206",
  "cinema_id": "R003",
  "room_id": "2",
  "movie_id": "MV001",
  "date": "2025-04-03",
  "time": "20:50"
},
{
  "_id": {
    "$oid": "67e03977bf45b774b02d3680"
  },
  "showtime_id": "ST207",
  "cinema_id": "R001",
  "room_id": "2",
  "movie_id": "MV005",
  "date": "2025-04-03",
  "time": "21:00"
},
{
  "_id": {
    "$oid": "67e03977bf45b774b02d3681"
  },
  "showtime_id": "ST208",
  "cinema_id": "R006",
  "room_id": "1",
  "movie_id": "MV002",
  "date": "2025-04-03",
  "time": "21:00"
},
{
  "_id": {
    "$oid": "67e03977bf45b774b02d3682"
  },
  "showtime_id": "ST209",
  "cinema_id": "R001",
  "room_id": "4",
  "movie_id": "MV006",
  "date": "2025-04-03",
  "time": "21:20"
},
{
  "_id": {
    "$oid": "67e03977bf45b774b02d3683"
  },
  "showtime_id": "ST210",
  "cinema_id": "R001",
  "room_id": "1",
  "movie_id": "MV007",
  "date": "2025-04-03",
  "time": "21:20"
},
{
  "_id": {
    "$oid": "67e03977bf45b774b02d3684"
  },
  "showtime_id": "ST211",
  "cinema_id": "R006",
  "room_id": "4",
  "movie_id": "MV001",
  "date": "2025-04-03",
  "time": "21:30"
},
{
  "_id": {
    "$oid": "67e03977bf45b774b02d3685"
  },
  "showtime_id": "ST212",
  "cinema_id": "R003",
  "room_id": "3",
  "movie_id": "MV006",
  "date": "2025-04-03",
  "time": "21:50"
},
{
  "_id": {
    "$oid": "67e03977bf45b774b02d3686"
  },
  "showtime_id": "ST213",
  "cinema_id": "R001",
  "room_id": "5",
  "movie_id": "MV008",
  "date": "2025-04-03",
  "time": "21:50"
},
{
  "_id": {
    "$oid": "67e03977bf45b774b02d3687"
  },
  "showtime_id": "ST214",
  "cinema_id": "R002",
  "room_id": "5",
  "movie_id": "MV001",
  "date": "2025-04-03",
  "time": "21:50"
},
{
  "_id": {
    "$oid": "67e03977bf45b774b02d3688"
  },
  "showtime_id": "ST215",
  "cinema_id": "R001",
  "room_id": "3",
  "movie_id": "MV003",
  "date": "2025-04-03",
  "time": "22:10"
},
{
  "_id": {
    "$oid": "67e03977bf45b774b02d3689"
  },
  "showtime_id": "ST216",
  "cinema_id": "R004",
  "room_id": "2",
  "movie_id": "MV007",
  "date": "2025-04-03",
  "time": "22:10"
},
{
  "_id": {
    "$oid": "67e03977bf45b774b02d368a"
  },
  "showtime_id": "ST217",
  "cinema_id": "R003",
  "room_id": "5",
  "movie_id": "MV006",
  "date": "2025-04-03",
  "time": "22:20"
},
{
  "_id": {
    "$oid": "67e03977bf45b774b02d368b"
  },
  "showtime_id": "ST218",
  "cinema_id": "R005",
  "room_id": "2",
  "movie_id": "MV008",
  "date": "2025-04-03",
  "time": "22:20"
},
{
  "_id": {
    "$oid": "67e03977bf45b774b02d368c"
  },
  "showtime_id": "ST219",
  "cinema_id": "R005",
  "room_id": "3",
  "movie_id": "MV006",
  "date": "2025-04-03",
  "time": "22:40"
},
{
  "_id": {
    "$oid": "67e03977bf45b774b02d368d"
  },
  "showtime_id": "ST220",
  "cinema_id": "R003",
  "room_id": "4",
  "movie_id": "MV004",
  "date": "2025-04-03",
  "time": "22:50"
},
{
  "_id": {
    "$oid": "67e03977bf45b774b02d368e"
  },
  "showtime_id": "ST221",
  "cinema_id": "R003",
  "room_id": "4",
  "movie_id": "MV006",
  "date": "2025-04-04",
  "time": "10:00"
},
{
  "_id": {
    "$oid": "67e03977bf45b774b02d368f"
  },
  "showtime_id": "ST222",
  "cinema_id": "R005",
  "room_id": "3",
  "movie_id": "MV007",
  "date": "2025-04-04",
  "time": "10:10"
},
{
  "_id": {
    "$oid": "67e03977bf45b774b02d3690"
  },
  "showtime_id": "ST223",
  "cinema_id": "R001",
  "room_id": "2",
  "movie_id": "MV002",
  "date": "2025-04-04",
  "time": "10:20"
},
{
  "_id": {
    "$oid": "67e03977bf45b774b02d3691"
  },
  "showtime_id": "ST224",
  "cinema_id": "R004",
  "room_id": "1",
  "movie_id": "MV001",
  "date": "2025-04-04",
  "time": "10:20"
},
{
  "_id": {
    "$oid": "67e03977bf45b774b02d3692"
  },
  "showtime_id": "ST225",
  "cinema_id": "R003",
  "room_id": "1",
  "movie_id": "MV008",
  "date": "2025-04-04",
  "time": "10:30"
},
{
  "_id": {
    "$oid": "67e03977bf45b774b02d3693"
  },
  "showtime_id": "ST226",
  "cinema_id": "R004",
  "room_id": "3",
  "movie_id": "MV004",
  "date": "2025-04-04",
  "time": "10:30"
},
{
  "_id": {
    "$oid": "67e03977bf45b774b02d3694"
  },
  "showtime_id": "ST227",
  "cinema_id": "R002",
  "room_id": "4",
  "movie_id": "MV002",
  "date": "2025-04-04",
  "time": "10:40"
},
{
  "_id": {
    "$oid": "67e03977bf45b774b02d3695"
  },
  "showtime_id": "ST228",
  "cinema_id": "R001",
  "room_id": "1",
  "movie_id": "MV004",
  "date": "2025-04-04",
  "time": "10:40"
},
{
  "_id": {
    "$oid": "67e03977bf45b774b02d3696"
  },
  "showtime_id": "ST229",
  "cinema_id": "R003",
  "room_id": "3",
  "movie_id": "MV002",
  "date": "2025-04-04",
  "time": "11:10"
},
{
  "_id": {
    "$oid": "67e03977bf45b774b02d3697"
  },
  "showtime_id": "ST230",
  "cinema_id": "R002",
  "room_id": "3",
  "movie_id": "MV007",
  "date": "2025-04-04",
  "time": "11:10"
},
{
  "_id": {
    "$oid": "67e03977bf45b774b02d3698"
  },
  "showtime_id": "ST231",
  "cinema_id": "R006",
  "room_id": "4",
  "movie_id": "MV002",
  "date": "2025-04-04",
  "time": "11:20"
},
{
  "_id": {
    "$oid": "67e03977bf45b774b02d3699"
  },
  "showtime_id": "ST232",
  "cinema_id": "R005",
  "room_id": "2",
  "movie_id": "MV002",
  "date": "2025-04-04",
  "time": "11:30"
},
{
  "_id": {
    "$oid": "67e03977bf45b774b02d369a"
  },
  "showtime_id": "ST233",
  "cinema_id": "R004",
  "room_id": "5",
  "movie_id": "MV008",
  "date": "2025-04-04",
  "time": "12:00"
},
{
  "_id": {
    "$oid": "67e03977bf45b774b02d369b"
  },
  "showtime_id": "ST234",
  "cinema_id": "R005",
  "room_id": "5",
  "movie_id": "MV004",
  "date": "2025-04-04",
  "time": "12:00"
},
{
  "_id": {
    "$oid": "67e03977bf45b774b02d369c"
  },
  "showtime_id": "ST235",
  "cinema_id": "R006",
  "room_id": "3",
  "movie_id": "MV007",
  "date": "2025-04-04",
  "time": "12:00"
},
{
  "_id": {
    "$oid": "67e03977bf45b774b02d369d"
  },
  "showtime_id": "ST236",
  "cinema_id": "R006",
  "room_id": "2",
  "movie_id": "MV008",
  "date": "2025-04-04",
  "time": "12:10"
},
{
  "_id": {
    "$oid": "67e03977bf45b774b02d369e"
  },
  "showtime_id": "ST237",
  "cinema_id": "R003",
  "room_id": "5",
  "movie_id": "MV007",
  "date": "2025-04-04",
  "time": "12:20"
},
{
  "_id": {
    "$oid": "67e03977bf45b774b02d369f"
  },
  "showtime_id": "ST238",
  "cinema_id": "R001",
  "room_id": "5",
  "movie_id": "MV002",
  "date": "2025-04-04",
  "time": "12:30"
},
{
  "_id": {
    "$oid": "67e03977bf45b774b02d36a0"
  },
  "showtime_id": "ST239",
  "cinema_id": "R002",
  "room_id": "2",
  "movie_id": "MV005",
  "date": "2025-04-04",
  "time": "12:40"
},
{
  "_id": {
    "$oid": "67e03977bf45b774b02d36a1"
  },
  "showtime_id": "ST240",
  "cinema_id": "R003",
  "room_id": "4",
  "movie_id": "MV003",
  "date": "2025-04-04",
  "time": "12:50"
},
{
  "_id": {
    "$oid": "67e03977bf45b774b02d36a2"
  },
  "showtime_id": "ST241",
  "cinema_id": "R004",
  "room_id": "4",
  "movie_id": "MV006",
  "date": "2025-04-04",
  "time": "13:10"
},
{
  "_id": {
    "$oid": "67e03977bf45b774b02d36a3"
  },
  "showtime_id": "ST242",
  "cinema_id": "R005",
  "room_id": "4",
  "movie_id": "MV002",
  "date": "2025-04-04",
  "time": "13:10"
},
{
  "_id": {
    "$oid": "67e03977bf45b774b02d36a4"
  },
  "showtime_id": "ST243",
  "cinema_id": "R004",
  "room_id": "1",
  "movie_id": "MV006",
  "date": "2025-04-04",
  "time": "13:20"
},
{
  "_id": {
    "$oid": "67e03977bf45b774b02d36a5"
  },
  "showtime_id": "ST244",
  "cinema_id": "R001",
  "room_id": "3",
  "movie_id": "MV007",
  "date": "2025-04-04",
  "time": "13:40"
},
{
  "_id": {
    "$oid": "67e03977bf45b774b02d36a6"
  },
  "showtime_id": "ST245",
  "cinema_id": "R006",
  "room_id": "1",
  "movie_id": "MV001",
  "date": "2025-04-04",
  "time": "14:10"
},
{
  "_id": {
    "$oid": "67e03977bf45b774b02d36a7"
  },
  "showtime_id": "ST246",
  "cinema_id": "R002",
  "room_id": "3",
  "movie_id": "MV002",
  "date": "2025-04-04",
  "time": "14:20"
},
{
  "_id": {
    "$oid": "67e03977bf45b774b02d36a8"
  },
  "showtime_id": "ST247",
  "cinema_id": "R006",
  "room_id": "4",
  "movie_id": "MV004",
  "date": "2025-04-04",
  "time": "14:30"
},
{
  "_id": {
    "$oid": "67e03977bf45b774b02d36a9"
  },
  "showtime_id": "ST248",
  "cinema_id": "R001",
  "room_id": "2",
  "movie_id": "MV002",
  "date": "2025-04-04",
  "time": "15:10"
},
{
  "_id": {
    "$oid": "67e03977bf45b774b02d36aa"
  },
  "showtime_id": "ST249",
  "cinema_id": "R003",
  "room_id": "4",
  "movie_id": "MV006",
  "date": "2025-04-04",
  "time": "15:20"
},
{
  "_id": {
    "$oid": "67e03977bf45b774b02d36ab"
  },
  "showtime_id": "ST250",
  "cinema_id": "R001",
  "room_id": "1",
  "movie_id": "MV006",
  "date": "2025-04-04",
  "time": "15:20"
},
{
  "_id": {
    "$oid": "67e03977bf45b774b02d36ac"
  },
  "showtime_id": "ST251",
  "cinema_id": "R005",
  "room_id": "2",
  "movie_id": "MV004",
  "date": "2025-04-04",
  "time": "15:50"
},
{
  "_id": {
    "$oid": "67e03977bf45b774b02d36ad"
  },
  "showtime_id": "ST252",
  "cinema_id": "R002",
  "room_id": "1",
  "movie_id": "MV004",
  "date": "2025-04-04",
  "time": "15:50"
},
{
  "_id": {
    "$oid": "67e03977bf45b774b02d36ae"
  },
  "showtime_id": "ST253",
  "cinema_id": "R002",
  "room_id": "4",
  "movie_id": "MV001",
  "date": "2025-04-04",
  "time": "16:10"
},
{
  "_id": {
    "$oid": "67e03977bf45b774b02d36af"
  },
  "showtime_id": "ST254",
  "cinema_id": "R005",
  "room_id": "1",
  "movie_id": "MV004",
  "date": "2025-04-04",
  "time": "16:10"
},
{
  "_id": {
    "$oid": "67e03977bf45b774b02d36b0"
  },
  "showtime_id": "ST255",
  "cinema_id": "R003",
  "room_id": "3",
  "movie_id": "MV006",
  "date": "2025-04-04",
  "time": "16:30"
},
{
  "_id": {
    "$oid": "67e03977bf45b774b02d36b1"
  },
  "showtime_id": "ST256",
  "cinema_id": "R004",
  "room_id": "2",
  "movie_id": "MV008",
  "date": "2025-04-04",
  "time": "16:40"
},
{
  "_id": {
    "$oid": "67e03977bf45b774b02d36b2"
  },
  "showtime_id": "ST257",
  "cinema_id": "R004",
  "room_id": "3",
  "movie_id": "MV007",
  "date": "2025-04-04",
  "time": "16:40"
},
{
  "_id": {
    "$oid": "67e03977bf45b774b02d36b3"
  },
  "showtime_id": "ST258",
  "cinema_id": "R004",
  "room_id": "1",
  "movie_id": "MV008",
  "date": "2025-04-04",
  "time": "16:50"
},
{
  "_id": {
    "$oid": "67e03977bf45b774b02d36b4"
  },
  "showtime_id": "ST259",
  "cinema_id": "R004",
  "room_id": "5",
  "movie_id": "MV003",
  "date": "2025-04-04",
  "time": "16:50"
},
{
  "_id": {
    "$oid": "67e03977bf45b774b02d36b5"
  },
  "showtime_id": "ST260",
  "cinema_id": "R001",
  "room_id": "3",
  "movie_id": "MV003",
  "date": "2025-04-04",
  "time": "17:10"
},
{
  "_id": {
    "$oid": "67e03977bf45b774b02d36b6"
  },
  "showtime_id": "ST261",
  "cinema_id": "R003",
  "room_id": "1",
  "movie_id": "MV003",
  "date": "2025-04-04",
  "time": "17:10"
},
{
  "_id": {
    "$oid": "67e03977bf45b774b02d36b7"
  },
  "showtime_id": "ST262",
  "cinema_id": "R002",
  "room_id": "5",
  "movie_id": "MV004",
  "date": "2025-04-04",
  "time": "17:10"
},
{
  "_id": {
    "$oid": "67e03977bf45b774b02d36b8"
  },
  "showtime_id": "ST263",
  "cinema_id": "R005",
  "room_id": "4",
  "movie_id": "MV003",
  "date": "2025-04-04",
  "time": "17:40"
},
{
  "_id": {
    "$oid": "67e03977bf45b774b02d36b9"
  },
  "showtime_id": "ST264",
  "cinema_id": "R006",
  "room_id": "3",
  "movie_id": "MV007",
  "date": "2025-04-04",
  "time": "17:40"
},
{
  "_id": {
    "$oid": "67e03977bf45b774b02d36ba"
  },
  "showtime_id": "ST265",
  "cinema_id": "R003",
  "room_id": "2",
  "movie_id": "MV007",
  "date": "2025-04-04",
  "time": "17:40"
},
{
  "_id": {
    "$oid": "67e03977bf45b774b02d36bb"
  },
  "showtime_id": "ST266",
  "cinema_id": "R003",
  "room_id": "5",
  "movie_id": "MV005",
  "date": "2025-04-04",
  "time": "17:40"
},
{
  "_id": {
    "$oid": "67e03977bf45b774b02d36bc"
  },
  "showtime_id": "ST267",
  "cinema_id": "R006",
  "room_id": "4",
  "movie_id": "MV004",
  "date": "2025-04-04",
  "time": "18:00"
},
{
  "_id": {
    "$oid": "67e03977bf45b774b02d36bd"
  },
  "showtime_id": "ST268",
  "cinema_id": "R002",
  "room_id": "2",
  "movie_id": "MV001",
  "date": "2025-04-04",
  "time": "18:20"
},
{
  "_id": {
    "$oid": "67e03977bf45b774b02d36be"
  },
  "showtime_id": "ST269",
  "cinema_id": "R001",
  "room_id": "1",
  "movie_id": "MV008",
  "date": "2025-04-04",
  "time": "18:50"
},
{
  "_id": {
    "$oid": "67e03977bf45b774b02d36bf"
  },
  "showtime_id": "ST270",
  "cinema_id": "R005",
  "room_id": "5",
  "movie_id": "MV003",
  "date": "2025-04-04",
  "time": "19:00"
},
{
  "_id": {
    "$oid": "67e03977bf45b774b02d36c0"
  },
  "showtime_id": "ST271",
  "cinema_id": "R006",
  "room_id": "2",
  "movie_id": "MV007",
  "date": "2025-04-04",
  "time": "19:10"
},
{
  "_id": {
    "$oid": "67e03977bf45b774b02d36c1"
  },
  "showtime_id": "ST272",
  "cinema_id": "R001",
  "room_id": "5",
  "movie_id": "MV004",
  "date": "2025-04-04",
  "time": "19:10"
},
{
  "_id": {
    "$oid": "67e03977bf45b774b02d36c2"
  },
  "showtime_id": "ST273",
  "cinema_id": "R004",
  "room_id": "2",
  "movie_id": "MV008",
  "date": "2025-04-04",
  "time": "19:20"
},
{
  "_id": {
    "$oid": "67e03977bf45b774b02d36c3"
  },
  "showtime_id": "ST274",
  "cinema_id": "R003",
  "room_id": "4",
  "movie_id": "MV004",
  "date": "2025-04-04",
  "time": "19:20"
},
{
  "_id": {
    "$oid": "67e03977bf45b774b02d36c4"
  },
  "showtime_id": "ST275",
  "cinema_id": "R006",
  "room_id": "1",
  "movie_id": "MV004",
  "date": "2025-04-04",
  "time": "19:30"
},
{
  "_id": {
    "$oid": "67e03977bf45b774b02d36c5"
  },
  "showtime_id": "ST276",
  "cinema_id": "R003",
  "room_id": "3",
  "movie_id": "MV001",
  "date": "2025-04-04",
  "time": "19:50"
},
{
  "_id": {
    "$oid": "67e03977bf45b774b02d36c6"
  },
  "showtime_id": "ST277",
  "cinema_id": "R001",
  "room_id": "4",
  "movie_id": "MV007",
  "date": "2025-04-04",
  "time": "20:10"
},
{
  "_id": {
    "$oid": "67e03977bf45b774b02d36c7"
  },
  "showtime_id": "ST278",
  "cinema_id": "R002",
  "room_id": "5",
  "movie_id": "MV001",
  "date": "2025-04-04",
  "time": "20:10"
},
{
  "_id": {
    "$oid": "67e03977bf45b774b02d36c8"
  },
  "showtime_id": "ST279",
  "cinema_id": "R001",
  "room_id": "2",
  "movie_id": "MV002",
  "date": "2025-04-04",
  "time": "20:10"
},
{
  "_id": {
    "$oid": "67e03977bf45b774b02d36c9"
  },
  "showtime_id": "ST280",
  "cinema_id": "R004",
  "room_id": "4",
  "movie_id": "MV008",
  "date": "2025-04-04",
  "time": "20:20"
},
{
  "_id": {
    "$oid": "67e03977bf45b774b02d36ca"
  },
  "showtime_id": "ST281",
  "cinema_id": "R003",
  "room_id": "1",
  "movie_id": "MV007",
  "date": "2025-04-04",
  "time": "20:50"
},
{
  "_id": {
    "$oid": "67e03977bf45b774b02d36cb"
  },
  "showtime_id": "ST282",
  "cinema_id": "R005",
  "room_id": "3",
  "movie_id": "MV003",
  "date": "2025-04-04",
  "time": "20:50"
},
{
  "_id": {
    "$oid": "67e03977bf45b774b02d36cc"
  },
  "showtime_id": "ST283",
  "cinema_id": "R004",
  "room_id": "1",
  "movie_id": "MV002",
  "date": "2025-04-04",
  "time": "21:00"
},
{
  "_id": {
    "$oid": "67e03977bf45b774b02d36cd"
  },
  "showtime_id": "ST284",
  "cinema_id": "R002",
  "room_id": "1",
  "movie_id": "MV004",
  "date": "2025-04-04",
  "time": "21:20"
},
{
  "_id": {
    "$oid": "67e03977bf45b774b02d36ce"
  },
  "showtime_id": "ST285",
  "cinema_id": "R004",
  "room_id": "3",
  "movie_id": "MV008",
  "date": "2025-04-04",
  "time": "21:30"
},
{
  "_id": {
    "$oid": "67e03977bf45b774b02d36cf"
  },
  "showtime_id": "ST286",
  "cinema_id": "R001",
  "room_id": "5",
  "movie_id": "MV003",
  "date": "2025-04-04",
  "time": "21:40"
},
{
  "_id": {
    "$oid": "67e03977bf45b774b02d36d0"
  },
  "showtime_id": "ST287",
  "cinema_id": "R004",
  "room_id": "5",
  "movie_id": "MV002",
  "date": "2025-04-04",
  "time": "22:10"
},
{
  "_id": {
    "$oid": "67e03977bf45b774b02d36d1"
  },
  "showtime_id": "ST288",
  "cinema_id": "R002",
  "room_id": "4",
  "movie_id": "MV002",
  "date": "2025-04-04",
  "time": "22:10"
},
{
  "_id": {
    "$oid": "67e03977bf45b774b02d36d2"
  },
  "showtime_id": "ST289",
  "cinema_id": "R003",
  "room_id": "2",
  "movie_id": "MV007",
  "date": "2025-04-04",
  "time": "22:40"
},
{
  "_id": {
    "$oid": "67e03977bf45b774b02d36d3"
  },
  "showtime_id": "ST290",
  "cinema_id": "R003",
  "room_id": "5",
  "movie_id": "MV001",
  "date": "2025-04-04",
  "time": "22:50"
},
{
  "_id": {
    "$oid": "67e03977bf45b774b02d36d4"
  },
  "showtime_id": "ST291",
  "cinema_id": "R005",
  "room_id": "1",
  "movie_id": "MV002",
  "date": "2025-04-04",
  "time": "22:50"
},
{
  "_id": {
    "$oid": "67e03977bf45b774b02d36d5"
  },
  "showtime_id": "ST292",
  "cinema_id": "R004",
  "room_id": "1",
  "movie_id": "MV004",
  "date": "2025-04-05",
  "time": "10:20"
},
{
  "_id": {
    "$oid": "67e03977bf45b774b02d36d6"
  },
  "showtime_id": "ST293",
  "cinema_id": "R006",
  "room_id": "1",
  "movie_id": "MV006",
  "date": "2025-04-05",
  "time": "10:40"
},
{
  "_id": {
    "$oid": "67e03977bf45b774b02d36d7"
  },
  "showtime_id": "ST294",
  "cinema_id": "R003",
  "room_id": "3",
  "movie_id": "MV005",
  "date": "2025-04-05",
  "time": "10:40"
},
{
  "_id": {
    "$oid": "67e03977bf45b774b02d36d8"
  },
  "showtime_id": "ST295",
  "cinema_id": "R003",
  "room_id": "1",
  "movie_id": "MV008",
  "date": "2025-04-05",
  "time": "10:50"
},
{
  "_id": {
    "$oid": "67e03977bf45b774b02d36d9"
  },
  "showtime_id": "ST296",
  "cinema_id": "R001",
  "room_id": "2",
  "movie_id": "MV005",
  "date": "2025-04-05",
  "time": "11:00"
},
{
  "_id": {
    "$oid": "67e03977bf45b774b02d36da"
  },
  "showtime_id": "ST297",
  "cinema_id": "R006",
  "room_id": "2",
  "movie_id": "MV005",
  "date": "2025-04-05",
  "time": "11:10"
},
{
  "_id": {
    "$oid": "67e03977bf45b774b02d36db"
  },
  "showtime_id": "ST298",
  "cinema_id": "R001",
  "room_id": "3",
  "movie_id": "MV003",
  "date": "2025-04-05",
  "time": "11:10"
},
{
  "_id": {
    "$oid": "67e03977bf45b774b02d36dc"
  },
  "showtime_id": "ST299",
  "cinema_id": "R004",
  "room_id": "2",
  "movie_id": "MV005",
  "date": "2025-04-05",
  "time": "11:20"
},
{
  "_id": {
    "$oid": "67e03977bf45b774b02d36dd"
  },
  "showtime_id": "ST300",
  "cinema_id": "R003",
  "room_id": "4",
  "movie_id": "MV002",
  "date": "2025-04-05",
  "time": "11:20"
},
{
  "_id": {
    "$oid": "67e03977bf45b774b02d36de"
  },
  "showtime_id": "ST301",
  "cinema_id": "R002",
  "room_id": "5",
  "movie_id": "MV004",
  "date": "2025-04-05",
  "time": "11:20"
},
{
  "_id": {
    "$oid": "67e03977bf45b774b02d36df"
  },
  "showtime_id": "ST302",
  "cinema_id": "R003",
  "room_id": "5",
  "movie_id": "MV006",
  "date": "2025-04-05",
  "time": "11:30"
},
{
  "_id": {
    "$oid": "67e03977bf45b774b02d36e0"
  },
  "showtime_id": "ST303",
  "cinema_id": "R001",
  "room_id": "5",
  "movie_id": "MV005",
  "date": "2025-04-05",
  "time": "11:30"
},
{
  "_id": {
    "$oid": "67e03977bf45b774b02d36e1"
  },
  "showtime_id": "ST304",
  "cinema_id": "R006",
  "room_id": "3",
  "movie_id": "MV008",
  "date": "2025-04-05",
  "time": "11:50"
},
{
  "_id": {
    "$oid": "67e03977bf45b774b02d36e2"
  },
  "showtime_id": "ST305",
  "cinema_id": "R006",
  "room_id": "4",
  "movie_id": "MV002",
  "date": "2025-04-05",
  "time": "12:00"
},
{
  "_id": {
    "$oid": "67e03977bf45b774b02d36e3"
  },
  "showtime_id": "ST306",
  "cinema_id": "R004",
  "room_id": "3",
  "movie_id": "MV004",
  "date": "2025-04-05",
  "time": "12:10"
},
{
  "_id": {
    "$oid": "67e03977bf45b774b02d36e4"
  },
  "showtime_id": "ST307",
  "cinema_id": "R005",
  "room_id": "3",
  "movie_id": "MV004",
  "date": "2025-04-05",
  "time": "12:20"
},
{
  "_id": {
    "$oid": "67e03977bf45b774b02d36e5"
  },
  "showtime_id": "ST308",
  "cinema_id": "R002",
  "room_id": "4",
  "movie_id": "MV007",
  "date": "2025-04-05",
  "time": "12:20"
},
{
  "_id": {
    "$oid": "67e03977bf45b774b02d36e6"
  },
  "showtime_id": "ST309",
  "cinema_id": "R001",
  "room_id": "1",
  "movie_id": "MV001",
  "date": "2025-04-05",
  "time": "12:20"
},
{
  "_id": {
    "$oid": "67e03977bf45b774b02d36e7"
  },
  "showtime_id": "ST310",
  "cinema_id": "R005",
  "room_id": "4",
  "movie_id": "MV008",
  "date": "2025-04-05",
  "time": "12:20"
},
{
  "_id": {
    "$oid": "67e03977bf45b774b02d36e8"
  },
  "showtime_id": "ST311",
  "cinema_id": "R005",
  "room_id": "1",
  "movie_id": "MV008",
  "date": "2025-04-05",
  "time": "12:40"
},
{
  "_id": {
    "$oid": "67e03977bf45b774b02d36e9"
  },
  "showtime_id": "ST312",
  "cinema_id": "R003",
  "room_id": "3",
  "movie_id": "MV006",
  "date": "2025-04-05",
  "time": "13:10"
},
{
  "_id": {
    "$oid": "67e03977bf45b774b02d36ea"
  },
  "showtime_id": "ST313",
  "cinema_id": "R004",
  "room_id": "1",
  "movie_id": "MV006",
  "date": "2025-04-05",
  "time": "13:50"
},
{
  "_id": {
    "$oid": "67e03977bf45b774b02d36eb"
  },
  "showtime_id": "ST314",
  "cinema_id": "R002",
  "room_id": "1",
  "movie_id": "MV008",
  "date": "2025-04-05",
  "time": "14:10"
},
{
  "_id": {
    "$oid": "67e03977bf45b774b02d36ec"
  },
  "showtime_id": "ST315",
  "cinema_id": "R002",
  "room_id": "2",
  "movie_id": "MV002",
  "date": "2025-04-05",
  "time": "14:20"
},
{
  "_id": {
    "$oid": "67e03977bf45b774b02d36ed"
  },
  "showtime_id": "ST316",
  "cinema_id": "R001",
  "room_id": "3",
  "movie_id": "MV004",
  "date": "2025-04-05",
  "time": "14:40"
},
{
  "_id": {
    "$oid": "67e03977bf45b774b02d36ee"
  },
  "showtime_id": "ST317",
  "cinema_id": "R004",
  "room_id": "4",
  "movie_id": "MV005",
  "date": "2025-04-05",
  "time": "14:50"
},
{
  "_id": {
    "$oid": "67e03977bf45b774b02d36ef"
  },
  "showtime_id": "ST318",
  "cinema_id": "R006",
  "room_id": "4",
  "movie_id": "MV006",
  "date": "2025-04-05",
  "time": "15:00"
},
{
  "_id": {
    "$oid": "67e03977bf45b774b02d36f0"
  },
  "showtime_id": "ST319",
  "cinema_id": "R001",
  "room_id": "1",
  "movie_id": "MV006",
  "date": "2025-04-05",
  "time": "15:00"
},
{
  "_id": {
    "$oid": "67e03977bf45b774b02d36f1"
  },
  "showtime_id": "ST320",
  "cinema_id": "R001",
  "room_id": "2",
  "movie_id": "MV002",
  "date": "2025-04-05",
  "time": "15:10"
},
{
  "_id": {
    "$oid": "67e03977bf45b774b02d36f2"
  },
  "showtime_id": "ST321",
  "cinema_id": "R006",
  "room_id": "2",
  "movie_id": "MV006",
  "date": "2025-04-05",
  "time": "15:20"
},
{
  "_id": {
    "$oid": "67e03977bf45b774b02d36f3"
  },
  "showtime_id": "ST322",
  "cinema_id": "R005",
  "room_id": "4",
  "movie_id": "MV004",
  "date": "2025-04-05",
  "time": "15:30"
},
{
  "_id": {
    "$oid": "67e03977bf45b774b02d36f4"
  },
  "showtime_id": "ST323",
  "cinema_id": "R006",
  "room_id": "3",
  "movie_id": "MV004",
  "date": "2025-04-05",
  "time": "15:30"
},
{
  "_id": {
    "$oid": "67e03977bf45b774b02d36f5"
  },
  "showtime_id": "ST324",
  "cinema_id": "R001",
  "room_id": "4",
  "movie_id": "MV004",
  "date": "2025-04-05",
  "time": "15:40"
},
{
  "_id": {
    "$oid": "67e03977bf45b774b02d36f6"
  },
  "showtime_id": "ST325",
  "cinema_id": "R005",
  "room_id": "2",
  "movie_id": "MV004",
  "date": "2025-04-05",
  "time": "16:00"
},
{
  "_id": {
    "$oid": "67e03977bf45b774b02d36f7"
  },
  "showtime_id": "ST326",
  "cinema_id": "R005",
  "room_id": "1",
  "movie_id": "MV005",
  "date": "2025-04-05",
  "time": "16:10"
},
{
  "_id": {
    "$oid": "67e03977bf45b774b02d36f8"
  },
  "showtime_id": "ST327",
  "cinema_id": "R002",
  "room_id": "3",
  "movie_id": "MV001",
  "date": "2025-04-05",
  "time": "16:10"
},
{
  "_id": {
    "$oid": "67e03977bf45b774b02d36f9"
  },
  "showtime_id": "ST328",
  "cinema_id": "R004",
  "room_id": "1",
  "movie_id": "MV005",
  "date": "2025-04-05",
  "time": "16:20"
},
{
  "_id": {
    "$oid": "67e03977bf45b774b02d36fa"
  },
  "showtime_id": "ST329",
  "cinema_id": "R003",
  "room_id": "5",
  "movie_id": "MV005",
  "date": "2025-04-05",
  "time": "16:20"
},
{
  "_id": {
    "$oid": "67e03977bf45b774b02d36fb"
  },
  "showtime_id": "ST330",
  "cinema_id": "R001",
  "room_id": "5",
  "movie_id": "MV003",
  "date": "2025-04-05",
  "time": "16:50"
},
{
  "_id": {
    "$oid": "67e03977bf45b774b02d36fc"
  },
  "showtime_id": "ST331",
  "cinema_id": "R002",
  "room_id": "4",
  "movie_id": "MV001",
  "date": "2025-04-05",
  "time": "17:00"
},
{
  "_id": {
    "$oid": "67e03977bf45b774b02d36fd"
  },
  "showtime_id": "ST332",
  "cinema_id": "R004",
  "room_id": "3",
  "movie_id": "MV003",
  "date": "2025-04-05",
  "time": "17:00"
},
{
  "_id": {
    "$oid": "67e03977bf45b774b02d36fe"
  },
  "showtime_id": "ST333",
  "cinema_id": "R001",
  "room_id": "3",
  "movie_id": "MV003",
  "date": "2025-04-05",
  "time": "17:10"
},
{
  "_id": {
    "$oid": "67e03977bf45b774b02d36ff"
  },
  "showtime_id": "ST334",
  "cinema_id": "R005",
  "room_id": "4",
  "movie_id": "MV001",
  "date": "2025-04-05",
  "time": "18:00"
},
{
  "_id": {
    "$oid": "67e03977bf45b774b02d3700"
  },
  "showtime_id": "ST335",
  "cinema_id": "R002",
  "room_id": "5",
  "movie_id": "MV005",
  "date": "2025-04-05",
  "time": "18:00"
},
{
  "_id": {
    "$oid": "67e03977bf45b774b02d3701"
  },
  "showtime_id": "ST336",
  "cinema_id": "R003",
  "room_id": "4",
  "movie_id": "MV002",
  "date": "2025-04-05",
  "time": "18:10"
},
{
  "_id": {
    "$oid": "67e03977bf45b774b02d3702"
  },
  "showtime_id": "ST337",
  "cinema_id": "R002",
  "room_id": "2",
  "movie_id": "MV004",
  "date": "2025-04-05",
  "time": "18:20"
},
{
  "_id": {
    "$oid": "67e03977bf45b774b02d3703"
  },
  "showtime_id": "ST338",
  "cinema_id": "R001",
  "room_id": "2",
  "movie_id": "MV001",
  "date": "2025-04-05",
  "time": "18:20"
},
{
  "_id": {
    "$oid": "67e03977bf45b774b02d3704"
  },
  "showtime_id": "ST339",
  "cinema_id": "R003",
  "room_id": "5",
  "movie_id": "MV005",
  "date": "2025-04-05",
  "time": "18:50"
},
{
  "_id": {
    "$oid": "67e03977bf45b774b02d3705"
  },
  "showtime_id": "ST340",
  "cinema_id": "R003",
  "room_id": "3",
  "movie_id": "MV006",
  "date": "2025-04-05",
  "time": "19:00"
},
{
  "_id": {
    "$oid": "67e03977bf45b774b02d3706"
  },
  "showtime_id": "ST341",
  "cinema_id": "R002",
  "room_id": "3",
  "movie_id": "MV001",
  "date": "2025-04-05",
  "time": "19:00"
},
{
  "_id": {
    "$oid": "67e03977bf45b774b02d3707"
  },
  "showtime_id": "ST342",
  "cinema_id": "R001",
  "room_id": "1",
  "movie_id": "MV004",
  "date": "2025-04-05",
  "time": "19:30"
},
{
  "_id": {
    "$oid": "67e03977bf45b774b02d3708"
  },
  "showtime_id": "ST343",
  "cinema_id": "R005",
  "room_id": "5",
  "movie_id": "MV002",
  "date": "2025-04-05",
  "time": "19:40"
},
{
  "_id": {
    "$oid": "67e03977bf45b774b02d3709"
  },
  "showtime_id": "ST344",
  "cinema_id": "R004",
  "room_id": "5",
  "movie_id": "MV003",
  "date": "2025-04-05",
  "time": "19:50"
},
{
  "_id": {
    "$oid": "67e03977bf45b774b02d370a"
  },
  "showtime_id": "ST345",
  "cinema_id": "R005",
  "room_id": "2",
  "movie_id": "MV002",
  "date": "2025-04-05",
  "time": "20:00"
},
{
  "_id": {
    "$oid": "67e03977bf45b774b02d370b"
  },
  "showtime_id": "ST346",
  "cinema_id": "R003",
  "room_id": "2",
  "movie_id": "MV002",
  "date": "2025-04-05",
  "time": "20:20"
},
{
  "_id": {
    "$oid": "67e03977bf45b774b02d370c"
  },
  "showtime_id": "ST347",
  "cinema_id": "R002",
  "room_id": "5",
  "movie_id": "MV005",
  "date": "2025-04-05",
  "time": "20:40"
},
{
  "_id": {
    "$oid": "67e03977bf45b774b02d370d"
  },
  "showtime_id": "ST348",
  "cinema_id": "R003",
  "room_id": "1",
  "movie_id": "MV005",
  "date": "2025-04-05",
  "time": "20:50"
},
{
  "_id": {
    "$oid": "67e03977bf45b774b02d370e"
  },
  "showtime_id": "ST349",
  "cinema_id": "R001",
  "room_id": "3",
  "movie_id": "MV007",
  "date": "2025-04-05",
  "time": "21:00"
},
{
  "_id": {
    "$oid": "67e03977bf45b774b02d370f"
  },
  "showtime_id": "ST350",
  "cinema_id": "R006",
  "room_id": "4",
  "movie_id": "MV008",
  "date": "2025-04-05",
  "time": "21:20"
},
{
  "_id": {
    "$oid": "67e03977bf45b774b02d3710"
  },
  "showtime_id": "ST351",
  "cinema_id": "R004",
  "room_id": "3",
  "movie_id": "MV002",
  "date": "2025-04-05",
  "time": "21:20"
},
{
  "_id": {
    "$oid": "67e03977bf45b774b02d3711"
  },
  "showtime_id": "ST352",
  "cinema_id": "R004",
  "room_id": "1",
  "movie_id": "MV008",
  "date": "2025-04-05",
  "time": "21:20"
},
{
  "_id": {
    "$oid": "67e03977bf45b774b02d3712"
  },
  "showtime_id": "ST353",
  "cinema_id": "R001",
  "room_id": "5",
  "movie_id": "MV002",
  "date": "2025-04-05",
  "time": "21:40"
},
{
  "_id": {
    "$oid": "67e03977bf45b774b02d3713"
  },
  "showtime_id": "ST354",
  "cinema_id": "R006",
  "room_id": "2",
  "movie_id": "MV007",
  "date": "2025-04-05",
  "time": "21:40"
},
{
  "_id": {
    "$oid": "67e03977bf45b774b02d3714"
  },
  "showtime_id": "ST355",
  "cinema_id": "R005",
  "room_id": "4",
  "movie_id": "MV008",
  "date": "2025-04-05",
  "time": "22:10"
},
{
  "_id": {
    "$oid": "67e03977bf45b774b02d3715"
  },
  "showtime_id": "ST356",
  "cinema_id": "R003",
  "room_id": "3",
  "movie_id": "MV006",
  "date": "2025-04-05",
  "time": "22:20"
},
{
  "_id": {
    "$oid": "67e03977bf45b774b02d3716"
  },
  "showtime_id": "ST357",
  "cinema_id": "R002",
  "room_id": "3",
  "movie_id": "MV008",
  "date": "2025-04-05",
  "time": "22:40"
},
{
  "_id": {
    "$oid": "67e03977bf45b774b02d3717"
  },
  "showtime_id": "ST358",
  "cinema_id": "R005",
  "room_id": "3",
  "movie_id": "MV006",
  "date": "2025-04-05",
  "time": "22:40"
},
{
  "_id": {
    "$oid": "67e03977bf45b774b02d3718"
  },
  "showtime_id": "ST359",
  "cinema_id": "R002",
  "room_id": "2",
  "movie_id": "MV008",
  "date": "2025-04-05",
  "time": "22:50"
},
{
  "_id": {
    "$oid": "67e03977bf45b774b02d3719"
  },
  "showtime_id": "ST360",
  "cinema_id": "R001",
  "room_id": "2",
  "movie_id": "MV007",
  "date": "2025-04-05",
  "time": "22:50"
},
{
  "_id": {
    "$oid": "67e03977bf45b774b02d371a"
  },
  "showtime_id": "ST361",
  "cinema_id": "R004",
  "room_id": "5",
  "movie_id": "MV001",
  "date": "2025-04-06",
  "time": "10:00"
},
{
  "_id": {
    "$oid": "67e03977bf45b774b02d371b"
  },
  "showtime_id": "ST362",
  "cinema_id": "R006",
  "room_id": "1",
  "movie_id": "MV002",
  "date": "2025-04-06",
  "time": "10:10"
},
{
  "_id": {
    "$oid": "67e03977bf45b774b02d371c"
  },
  "showtime_id": "ST363",
  "cinema_id": "R002",
  "room_id": "4",
  "movie_id": "MV008",
  "date": "2025-04-06",
  "time": "10:20"
},
{
  "_id": {
    "$oid": "67e03977bf45b774b02d371d"
  },
  "showtime_id": "ST364",
  "cinema_id": "R004",
  "room_id": "1",
  "movie_id": "MV006",
  "date": "2025-04-06",
  "time": "10:40"
},
{
  "_id": {
    "$oid": "67e03977bf45b774b02d371e"
  },
  "showtime_id": "ST365",
  "cinema_id": "R002",
  "room_id": "5",
  "movie_id": "MV006",
  "date": "2025-04-06",
  "time": "10:50"
},
{
  "_id": {
    "$oid": "67e03977bf45b774b02d371f"
  },
  "showtime_id": "ST366",
  "cinema_id": "R003",
  "room_id": "3",
  "movie_id": "MV001",
  "date": "2025-04-06",
  "time": "10:50"
},
{
  "_id": {
    "$oid": "67e03977bf45b774b02d3720"
  },
  "showtime_id": "ST367",
  "cinema_id": "R004",
  "room_id": "2",
  "movie_id": "MV006",
  "date": "2025-04-06",
  "time": "10:50"
},
{
  "_id": {
    "$oid": "67e03977bf45b774b02d3721"
  },
  "showtime_id": "ST368",
  "cinema_id": "R002",
  "room_id": "2",
  "movie_id": "MV003",
  "date": "2025-04-06",
  "time": "11:00"
},
{
  "_id": {
    "$oid": "67e03977bf45b774b02d3722"
  },
  "showtime_id": "ST369",
  "cinema_id": "R005",
  "room_id": "2",
  "movie_id": "MV004",
  "date": "2025-04-06",
  "time": "11:10"
},
{
  "_id": {
    "$oid": "67e03977bf45b774b02d3723"
  },
  "showtime_id": "ST370",
  "cinema_id": "R005",
  "room_id": "1",
  "movie_id": "MV001",
  "date": "2025-04-06",
  "time": "11:10"
},
{
  "_id": {
    "$oid": "67e03977bf45b774b02d3724"
  },
  "showtime_id": "ST371",
  "cinema_id": "R004",
  "room_id": "4",
  "movie_id": "MV006",
  "date": "2025-04-06",
  "time": "11:10"
},
{
  "_id": {
    "$oid": "67e03977bf45b774b02d3725"
  },
  "showtime_id": "ST372",
  "cinema_id": "R003",
  "room_id": "1",
  "movie_id": "MV001",
  "date": "2025-04-06",
  "time": "11:20"
},
{
  "_id": {
    "$oid": "67e03977bf45b774b02d3726"
  },
  "showtime_id": "ST373",
  "cinema_id": "R006",
  "room_id": "3",
  "movie_id": "MV003",
  "date": "2025-04-06",
  "time": "11:50"
},
{
  "_id": {
    "$oid": "67e03977bf45b774b02d3727"
  },
  "showtime_id": "ST374",
  "cinema_id": "R002",
  "room_id": "3",
  "movie_id": "MV004",
  "date": "2025-04-06",
  "time": "12:00"
},
{
  "_id": {
    "$oid": "67e03977bf45b774b02d3728"
  },
  "showtime_id": "ST375",
  "cinema_id": "R006",
  "room_id": "4",
  "movie_id": "MV008",
  "date": "2025-04-06",
  "time": "12:10"
},
{
  "_id": {
    "$oid": "67e03977bf45b774b02d3729"
  },
  "showtime_id": "ST376",
  "cinema_id": "R004",
  "room_id": "5",
  "movie_id": "MV004",
  "date": "2025-04-06",
  "time": "12:40"
},
{
  "_id": {
    "$oid": "67e03977bf45b774b02d372a"
  },
  "showtime_id": "ST377",
  "cinema_id": "R004",
  "room_id": "3",
  "movie_id": "MV006",
  "date": "2025-04-06",
  "time": "12:50"
},
{
  "_id": {
    "$oid": "67e03977bf45b774b02d372b"
  },
  "showtime_id": "ST378",
  "cinema_id": "R002",
  "room_id": "4",
  "movie_id": "MV001",
  "date": "2025-04-06",
  "time": "12:50"
},
{
  "_id": {
    "$oid": "67e03977bf45b774b02d372c"
  },
  "showtime_id": "ST379",
  "cinema_id": "R001",
  "room_id": "2",
  "movie_id": "MV001",
  "date": "2025-04-06",
  "time": "13:10"
},
{
  "_id": {
    "$oid": "67e03977bf45b774b02d372d"
  },
  "showtime_id": "ST380",
  "cinema_id": "R001",
  "room_id": "4",
  "movie_id": "MV003",
  "date": "2025-04-06",
  "time": "13:20"
},
{
  "_id": {
    "$oid": "67e03977bf45b774b02d372e"
  },
  "showtime_id": "ST381",
  "cinema_id": "R005",
  "room_id": "4",
  "movie_id": "MV003",
  "date": "2025-04-06",
  "time": "13:30"
},
{
  "_id": {
    "$oid": "67e03977bf45b774b02d372f"
  },
  "showtime_id": "ST382",
  "cinema_id": "R004",
  "room_id": "1",
  "movie_id": "MV001",
  "date": "2025-04-06",
  "time": "13:30"
},
{
  "_id": {
    "$oid": "67e03977bf45b774b02d3730"
  },
  "showtime_id": "ST383",
  "cinema_id": "R002",
  "room_id": "2",
  "movie_id": "MV001",
  "date": "2025-04-06",
  "time": "13:40"
},
{
  "_id": {
    "$oid": "67e03977bf45b774b02d3731"
  },
  "showtime_id": "ST384",
  "cinema_id": "R003",
  "room_id": "5",
  "movie_id": "MV002",
  "date": "2025-04-06",
  "time": "14:00"
},
{
  "_id": {
    "$oid": "67e03977bf45b774b02d3732"
  },
  "showtime_id": "ST385",
  "cinema_id": "R005",
  "room_id": "3",
  "movie_id": "MV006",
  "date": "2025-04-06",
  "time": "14:30"
},
{
  "_id": {
    "$oid": "67e03977bf45b774b02d3733"
  },
  "showtime_id": "ST386",
  "cinema_id": "R005",
  "room_id": "5",
  "movie_id": "MV003",
  "date": "2025-04-06",
  "time": "14:30"
},
{
  "_id": {
    "$oid": "67e03977bf45b774b02d3734"
  },
  "showtime_id": "ST387",
  "cinema_id": "R006",
  "room_id": "3",
  "movie_id": "MV004",
  "date": "2025-04-06",
  "time": "14:30"
},
{
  "_id": {
    "$oid": "67e03977bf45b774b02d3735"
  },
  "showtime_id": "ST388",
  "cinema_id": "R001",
  "room_id": "3",
  "movie_id": "MV003",
  "date": "2025-04-06",
  "time": "14:40"
},
{
  "_id": {
    "$oid": "67e03977bf45b774b02d3736"
  },
  "showtime_id": "ST389",
  "cinema_id": "R003",
  "room_id": "2",
  "movie_id": "MV002",
  "date": "2025-04-06",
  "time": "14:40"
},
{
  "_id": {
    "$oid": "67e03977bf45b774b02d3737"
  },
  "showtime_id": "ST390",
  "cinema_id": "R001",
  "room_id": "1",
  "movie_id": "MV002",
  "date": "2025-04-06",
  "time": "14:50"
},
{
  "_id": {
    "$oid": "67e03977bf45b774b02d3738"
  },
  "showtime_id": "ST391",
  "cinema_id": "R005",
  "room_id": "1",
  "movie_id": "MV002",
  "date": "2025-04-06",
  "time": "15:00"
},
{
  "_id": {
    "$oid": "67e03977bf45b774b02d3739"
  },
  "showtime_id": "ST392",
  "cinema_id": "R002",
  "room_id": "3",
  "movie_id": "MV008",
  "date": "2025-04-06",
  "time": "15:10"
},
{
  "_id": {
    "$oid": "67e03977bf45b774b02d373a"
  },
  "showtime_id": "ST393",
  "cinema_id": "R001",
  "room_id": "5",
  "movie_id": "MV001",
  "date": "2025-04-06",
  "time": "15:10"
},
{
  "_id": {
    "$oid": "67e03977bf45b774b02d373b"
  },
  "showtime_id": "ST394",
  "cinema_id": "R003",
  "room_id": "1",
  "movie_id": "MV007",
  "date": "2025-04-06",
  "time": "15:30"
},
{
  "_id": {
    "$oid": "67e03977bf45b774b02d373c"
  },
  "showtime_id": "ST395",
  "cinema_id": "R006",
  "room_id": "4",
  "movie_id": "MV003",
  "date": "2025-04-06",
  "time": "15:30"
},
{
  "_id": {
    "$oid": "67e03977bf45b774b02d373d"
  },
  "showtime_id": "ST396",
  "cinema_id": "R004",
  "room_id": "2",
  "movie_id": "MV005",
  "date": "2025-04-06",
  "time": "15:30"
},
{
  "_id": {
    "$oid": "67e03977bf45b774b02d373e"
  },
  "showtime_id": "ST397",
  "cinema_id": "R002",
  "room_id": "1",
  "movie_id": "MV001",
  "date": "2025-04-06",
  "time": "16:10"
},
{
  "_id": {
    "$oid": "67e03977bf45b774b02d373f"
  },
  "showtime_id": "ST398",
  "cinema_id": "R006",
  "room_id": "1",
  "movie_id": "MV005",
  "date": "2025-04-06",
  "time": "16:10"
},
{
  "_id": {
    "$oid": "67e03977bf45b774b02d3740"
  },
  "showtime_id": "ST399",
  "cinema_id": "R002",
  "room_id": "5",
  "movie_id": "MV007",
  "date": "2025-04-06",
  "time": "16:30"
},
{
  "_id": {
    "$oid": "67e03977bf45b774b02d3741"
  },
  "showtime_id": "ST400",
  "cinema_id": "R003",
  "room_id": "3",
  "movie_id": "MV006",
  "date": "2025-04-06",
  "time": "16:30"
},
{
  "_id": {
    "$oid": "67e03977bf45b774b02d3742"
  },
  "showtime_id": "ST401",
  "cinema_id": "R006",
  "room_id": "2",
  "movie_id": "MV008",
  "date": "2025-04-06",
  "time": "16:50"
},
{
  "_id": {
    "$oid": "67e03977bf45b774b02d3743"
  },
  "showtime_id": "ST402",
  "cinema_id": "R004",
  "room_id": "1",
  "movie_id": "MV007",
  "date": "2025-04-06",
  "time": "16:50"
},
{
  "_id": {
    "$oid": "67e03977bf45b774b02d3744"
  },
  "showtime_id": "ST403",
  "cinema_id": "R004",
  "room_id": "4",
  "movie_id": "MV001",
  "date": "2025-04-06",
  "time": "17:50"
},
{
  "_id": {
    "$oid": "67e03977bf45b774b02d3745"
  },
  "showtime_id": "ST404",
  "cinema_id": "R003",
  "room_id": "2",
  "movie_id": "MV007",
  "date": "2025-04-06",
  "time": "18:00"
},
{
  "_id": {
    "$oid": "67e03977bf45b774b02d3746"
  },
  "showtime_id": "ST405",
  "cinema_id": "R005",
  "room_id": "5",
  "movie_id": "MV005",
  "date": "2025-04-06",
  "time": "18:00"
},
{
  "_id": {
    "$oid": "67e03977bf45b774b02d3747"
  },
  "showtime_id": "ST406",
  "cinema_id": "R005",
  "room_id": "2",
  "movie_id": "MV007",
  "date": "2025-04-06",
  "time": "18:20"
},
{
  "_id": {
    "$oid": "67e03977bf45b774b02d3748"
  },
  "showtime_id": "ST407",
  "cinema_id": "R002",
  "room_id": "4",
  "movie_id": "MV006",
  "date": "2025-04-06",
  "time": "18:40"
},
{
  "_id": {
    "$oid": "67e03977bf45b774b02d3749"
  },
  "showtime_id": "ST408",
  "cinema_id": "R005",
  "room_id": "3",
  "movie_id": "MV001",
  "date": "2025-04-06",
  "time": "18:40"
},
{
  "_id": {
    "$oid": "67e03977bf45b774b02d374a"
  },
  "showtime_id": "ST409",
  "cinema_id": "R001",
  "room_id": "3",
  "movie_id": "MV001",
  "date": "2025-04-06",
  "time": "18:50"
},
{
  "_id": {
    "$oid": "67e03977bf45b774b02d374b"
  },
  "showtime_id": "ST410",
  "cinema_id": "R002",
  "room_id": "2",
  "movie_id": "MV005",
  "date": "2025-04-06",
  "time": "19:10"
},
{
  "_id": {
    "$oid": "67e03977bf45b774b02d374c"
  },
  "showtime_id": "ST411",
  "cinema_id": "R001",
  "room_id": "4",
  "movie_id": "MV001",
  "date": "2025-04-06",
  "time": "19:20"
},
{
  "_id": {
    "$oid": "67e03977bf45b774b02d374d"
  },
  "showtime_id": "ST412",
  "cinema_id": "R004",
  "room_id": "2",
  "movie_id": "MV003",
  "date": "2025-04-06",
  "time": "19:30"
},
{
  "_id": {
    "$oid": "67e03977bf45b774b02d374e"
  },
  "showtime_id": "ST413",
  "cinema_id": "R004",
  "room_id": "1",
  "movie_id": "MV004",
  "date": "2025-04-06",
  "time": "19:30"
},
{
  "_id": {
    "$oid": "67e03977bf45b774b02d374f"
  },
  "showtime_id": "ST414",
  "cinema_id": "R004",
  "room_id": "3",
  "movie_id": "MV005",
  "date": "2025-04-06",
  "time": "19:40"
},
{
  "_id": {
    "$oid": "67e03977bf45b774b02d3750"
  },
  "showtime_id": "ST415",
  "cinema_id": "R001",
  "room_id": "5",
  "movie_id": "MV005",
  "date": "2025-04-06",
  "time": "19:40"
},
{
  "_id": {
    "$oid": "67e03977bf45b774b02d3751"
  },
  "showtime_id": "ST416",
  "cinema_id": "R003",
  "room_id": "1",
  "movie_id": "MV007",
  "date": "2025-04-06",
  "time": "19:40"
},
{
  "_id": {
    "$oid": "67e03977bf45b774b02d3752"
  },
  "showtime_id": "ST417",
  "cinema_id": "R002",
  "room_id": "3",
  "movie_id": "MV005",
  "date": "2025-04-06",
  "time": "19:50"
},
{
  "_id": {
    "$oid": "67e03977bf45b774b02d3753"
  },
  "showtime_id": "ST418",
  "cinema_id": "R006",
  "room_id": "2",
  "movie_id": "MV004",
  "date": "2025-04-06",
  "time": "20:00"
},
{
  "_id": {
    "$oid": "67e03977bf45b774b02d3754"
  },
  "showtime_id": "ST419",
  "cinema_id": "R006",
  "room_id": "3",
  "movie_id": "MV004",
  "date": "2025-04-06",
  "time": "20:00"
},
{
  "_id": {
    "$oid": "67e03977bf45b774b02d3755"
  },
  "showtime_id": "ST420",
  "cinema_id": "R003",
  "room_id": "5",
  "movie_id": "MV004",
  "date": "2025-04-06",
  "time": "20:30"
},
{
  "_id": {
    "$oid": "67e03977bf45b774b02d3756"
  },
  "showtime_id": "ST421",
  "cinema_id": "R004",
  "room_id": "4",
  "movie_id": "MV003",
  "date": "2025-04-06",
  "time": "20:40"
},
{
  "_id": {
    "$oid": "67e03977bf45b774b02d3757"
  },
  "showtime_id": "ST422",
  "cinema_id": "R005",
  "room_id": "4",
  "movie_id": "MV002",
  "date": "2025-04-06",
  "time": "20:50"
},
{
  "_id": {
    "$oid": "67e03977bf45b774b02d3758"
  },
  "showtime_id": "ST423",
  "cinema_id": "R002",
  "room_id": "1",
  "movie_id": "MV008",
  "date": "2025-04-06",
  "time": "20:50"
},
{
  "_id": {
    "$oid": "67e03977bf45b774b02d3759"
  },
  "showtime_id": "ST424",
  "cinema_id": "R005",
  "room_id": "1",
  "movie_id": "MV004",
  "date": "2025-04-06",
  "time": "21:50"
},
{
  "_id": {
    "$oid": "67e03977bf45b774b02d375a"
  },
  "showtime_id": "ST425",
  "cinema_id": "R005",
  "room_id": "3",
  "movie_id": "MV002",
  "date": "2025-04-06",
  "time": "21:50"
},
{
  "_id": {
    "$oid": "67e03977bf45b774b02d375b"
  },
  "showtime_id": "ST426",
  "cinema_id": "R005",
  "room_id": "5",
  "movie_id": "MV007",
  "date": "2025-04-06",
  "time": "22:10"
},
{
  "_id": {
    "$oid": "67e03977bf45b774b02d375c"
  },
  "showtime_id": "ST427",
  "cinema_id": "R003",
  "room_id": "1",
  "movie_id": "MV006",
  "date": "2025-04-06",
  "time": "22:20"
},
{
  "_id": {
    "$oid": "67e03977bf45b774b02d375d"
  },
  "showtime_id": "ST428",
  "cinema_id": "R001",
  "room_id": "4",
  "movie_id": "MV001",
  "date": "2025-04-06",
  "time": "22:20"
},
{
  "_id": {
    "$oid": "67e03977bf45b774b02d375e"
  },
  "showtime_id": "ST429",
  "cinema_id": "R001",
  "room_id": "2",
  "movie_id": "MV002",
  "date": "2025-04-06",
  "time": "22:30"
},
{
  "_id": {
    "$oid": "67e03977bf45b774b02d375f"
  },
  "showtime_id": "ST430",
  "cinema_id": "R003",
  "room_id": "4",
  "movie_id": "MV005",
  "date": "2025-04-06",
  "time": "22:50"
},
{
  "_id": {
    "$oid": "67e03977bf45b774b02d3760"
  },
  "showtime_id": "ST431",
  "cinema_id": "R003",
  "room_id": "3",
  "movie_id": "MV008",
  "date": "2025-04-06",
  "time": "22:50"
},
{
  "_id": {
    "$oid": "67e03977bf45b774b02d3761"
  },
  "showtime_id": "ST432",
  "cinema_id": "R002",
  "room_id": "5",
  "movie_id": "MV008",
  "date": "2025-04-07",
  "time": "10:00"
},
{
  "_id": {
    "$oid": "67e03977bf45b774b02d3762"
  },
  "showtime_id": "ST433",
  "cinema_id": "R006",
  "room_id": "3",
  "movie_id": "MV001",
  "date": "2025-04-07",
  "time": "10:30"
},
{
  "_id": {
    "$oid": "67e03977bf45b774b02d3763"
  },
  "showtime_id": "ST434",
  "cinema_id": "R004",
  "room_id": "1",
  "movie_id": "MV006",
  "date": "2025-04-07",
  "time": "10:40"
},
{
  "_id": {
    "$oid": "67e03977bf45b774b02d3764"
  },
  "showtime_id": "ST435",
  "cinema_id": "R001",
  "room_id": "1",
  "movie_id": "MV007",
  "date": "2025-04-07",
  "time": "10:40"
},
{
  "_id": {
    "$oid": "67e03977bf45b774b02d3765"
  },
  "showtime_id": "ST436",
  "cinema_id": "R006",
  "room_id": "1",
  "movie_id": "MV006",
  "date": "2025-04-07",
  "time": "10:50"
},
{
  "_id": {
    "$oid": "67e03977bf45b774b02d3766"
  },
  "showtime_id": "ST437",
  "cinema_id": "R003",
  "room_id": "4",
  "movie_id": "MV002",
  "date": "2025-04-07",
  "time": "10:50"
},
{
  "_id": {
    "$oid": "67e03977bf45b774b02d3767"
  },
  "showtime_id": "ST438",
  "cinema_id": "R004",
  "room_id": "3",
  "movie_id": "MV002",
  "date": "2025-04-07",
  "time": "11:10"
},
{
  "_id": {
    "$oid": "67e03977bf45b774b02d3768"
  },
  "showtime_id": "ST439",
  "cinema_id": "R001",
  "room_id": "2",
  "movie_id": "MV006",
  "date": "2025-04-07",
  "time": "11:20"
},
{
  "_id": {
    "$oid": "67e03977bf45b774b02d3769"
  },
  "showtime_id": "ST440",
  "cinema_id": "R004",
  "room_id": "5",
  "movie_id": "MV003",
  "date": "2025-04-07",
  "time": "11:30"
},
{
  "_id": {
    "$oid": "67e03977bf45b774b02d376a"
  },
  "showtime_id": "ST441",
  "cinema_id": "R006",
  "room_id": "2",
  "movie_id": "MV006",
  "date": "2025-04-07",
  "time": "11:40"
},
{
  "_id": {
    "$oid": "67e03977bf45b774b02d376b"
  },
  "showtime_id": "ST442",
  "cinema_id": "R005",
  "room_id": "5",
  "movie_id": "MV003",
  "date": "2025-04-07",
  "time": "11:50"
},
{
  "_id": {
    "$oid": "67e03977bf45b774b02d376c"
  },
  "showtime_id": "ST443",
  "cinema_id": "R002",
  "room_id": "4",
  "movie_id": "MV003",
  "date": "2025-04-07",
  "time": "11:50"
},
{
  "_id": {
    "$oid": "67e03977bf45b774b02d376d"
  },
  "showtime_id": "ST444",
  "cinema_id": "R005",
  "room_id": "3",
  "movie_id": "MV003",
  "date": "2025-04-07",
  "time": "11:50"
},
{
  "_id": {
    "$oid": "67e03977bf45b774b02d376e"
  },
  "showtime_id": "ST445",
  "cinema_id": "R004",
  "room_id": "4",
  "movie_id": "MV001",
  "date": "2025-04-07",
  "time": "12:00"
},
{
  "_id": {
    "$oid": "67e03977bf45b774b02d376f"
  },
  "showtime_id": "ST446",
  "cinema_id": "R002",
  "room_id": "3",
  "movie_id": "MV002",
  "date": "2025-04-07",
  "time": "12:40"
},
{
  "_id": {
    "$oid": "67e03977bf45b774b02d3770"
  },
  "showtime_id": "ST447",
  "cinema_id": "R005",
  "room_id": "2",
  "movie_id": "MV002",
  "date": "2025-04-07",
  "time": "12:40"
},
{
  "_id": {
    "$oid": "67e03977bf45b774b02d3771"
  },
  "showtime_id": "ST448",
  "cinema_id": "R004",
  "room_id": "2",
  "movie_id": "MV003",
  "date": "2025-04-07",
  "time": "12:50"
},
{
  "_id": {
    "$oid": "67e03977bf45b774b02d3772"
  },
  "showtime_id": "ST449",
  "cinema_id": "R002",
  "room_id": "1",
  "movie_id": "MV004",
  "date": "2025-04-07",
  "time": "13:00"
},
{
  "_id": {
    "$oid": "67e03977bf45b774b02d3773"
  },
  "showtime_id": "ST450",
  "cinema_id": "R006",
  "room_id": "3",
  "movie_id": "MV002",
  "date": "2025-04-07",
  "time": "13:30"
},
{
  "_id": {
    "$oid": "67e03977bf45b774b02d3774"
  },
  "showtime_id": "ST451",
  "cinema_id": "R005",
  "room_id": "1",
  "movie_id": "MV004",
  "date": "2025-04-07",
  "time": "14:00"
},
{
  "_id": {
    "$oid": "67e03977bf45b774b02d3775"
  },
  "showtime_id": "ST452",
  "cinema_id": "R003",
  "room_id": "4",
  "movie_id": "MV008",
  "date": "2025-04-07",
  "time": "14:10"
},
{
  "_id": {
    "$oid": "67e03977bf45b774b02d3776"
  },
  "showtime_id": "ST453",
  "cinema_id": "R002",
  "room_id": "4",
  "movie_id": "MV006",
  "date": "2025-04-07",
  "time": "14:30"
},
{
  "_id": {
    "$oid": "67e03977bf45b774b02d3777"
  },
  "showtime_id": "ST454",
  "cinema_id": "R005",
  "room_id": "4",
  "movie_id": "MV007",
  "date": "2025-04-07",
  "time": "14:30"
},
{
  "_id": {
    "$oid": "67e03977bf45b774b02d3778"
  },
  "showtime_id": "ST455",
  "cinema_id": "R002",
  "room_id": "3",
  "movie_id": "MV008",
  "date": "2025-04-07",
  "time": "15:10"
},
{
  "_id": {
    "$oid": "67e03977bf45b774b02d3779"
  },
  "showtime_id": "ST456",
  "cinema_id": "R004",
  "room_id": "3",
  "movie_id": "MV002",
  "date": "2025-04-07",
  "time": "15:10"
},
{
  "_id": {
    "$oid": "67e03977bf45b774b02d377a"
  },
  "showtime_id": "ST457",
  "cinema_id": "R003",
  "room_id": "1",
  "movie_id": "MV001",
  "date": "2025-04-07",
  "time": "15:40"
},
{
  "_id": {
    "$oid": "67e03977bf45b774b02d377b"
  },
  "showtime_id": "ST458",
  "cinema_id": "R001",
  "room_id": "1",
  "movie_id": "MV001",
  "date": "2025-04-07",
  "time": "15:40"
},
{
  "_id": {
    "$oid": "67e03977bf45b774b02d377c"
  },
  "showtime_id": "ST459",
  "cinema_id": "R002",
  "room_id": "1",
  "movie_id": "MV003",
  "date": "2025-04-07",
  "time": "15:50"
},
{
  "_id": {
    "$oid": "67e03977bf45b774b02d377d"
  },
  "showtime_id": "ST460",
  "cinema_id": "R003",
  "room_id": "5",
  "movie_id": "MV007",
  "date": "2025-04-07",
  "time": "16:20"
},
{
  "_id": {
    "$oid": "67e03977bf45b774b02d377e"
  },
  "showtime_id": "ST461",
  "cinema_id": "R006",
  "room_id": "3",
  "movie_id": "MV003",
  "date": "2025-04-07",
  "time": "16:30"
},
{
  "_id": {
    "$oid": "67e03977bf45b774b02d377f"
  },
  "showtime_id": "ST462",
  "cinema_id": "R005",
  "room_id": "3",
  "movie_id": "MV002",
  "date": "2025-04-07",
  "time": "16:50"
},
{
  "_id": {
    "$oid": "67e03977bf45b774b02d3780"
  },
  "showtime_id": "ST463",
  "cinema_id": "R004",
  "room_id": "4",
  "movie_id": "MV004",
  "date": "2025-04-07",
  "time": "16:50"
},
{
  "_id": {
    "$oid": "67e03977bf45b774b02d3781"
  },
  "showtime_id": "ST464",
  "cinema_id": "R006",
  "room_id": "1",
  "movie_id": "MV004",
  "date": "2025-04-07",
  "time": "16:50"
},
{
  "_id": {
    "$oid": "67e03977bf45b774b02d3782"
  },
  "showtime_id": "ST465",
  "cinema_id": "R006",
  "room_id": "2",
  "movie_id": "MV001",
  "date": "2025-04-07",
  "time": "16:50"
},
{
  "_id": {
    "$oid": "67e03977bf45b774b02d3783"
  },
  "showtime_id": "ST466",
  "cinema_id": "R002",
  "room_id": "4",
  "movie_id": "MV001",
  "date": "2025-04-07",
  "time": "17:00"
},
{
  "_id": {
    "$oid": "67e03977bf45b774b02d3784"
  },
  "showtime_id": "ST467",
  "cinema_id": "R003",
  "room_id": "3",
  "movie_id": "MV007",
  "date": "2025-04-07",
  "time": "17:50"
},
{
  "_id": {
    "$oid": "67e03977bf45b774b02d3785"
  },
  "showtime_id": "ST468",
  "cinema_id": "R002",
  "room_id": "2",
  "movie_id": "MV001",
  "date": "2025-04-07",
  "time": "17:50"
},
{
  "_id": {
    "$oid": "67e03977bf45b774b02d3786"
  },
  "showtime_id": "ST469",
  "cinema_id": "R004",
  "room_id": "2",
  "movie_id": "MV004",
  "date": "2025-04-07",
  "time": "18:00"
},
{
  "_id": {
    "$oid": "67e03977bf45b774b02d3787"
  },
  "showtime_id": "ST470",
  "cinema_id": "R001",
  "room_id": "2",
  "movie_id": "MV003",
  "date": "2025-04-07",
  "time": "18:00"
},
{
  "_id": {
    "$oid": "67e03977bf45b774b02d3788"
  },
  "showtime_id": "ST471",
  "cinema_id": "R001",
  "room_id": "4",
  "movie_id": "MV004",
  "date": "2025-04-07",
  "time": "18:00"
},
{
  "_id": {
    "$oid": "67e03977bf45b774b02d3789"
  },
  "showtime_id": "ST472",
  "cinema_id": "R004",
  "room_id": "1",
  "movie_id": "MV003",
  "date": "2025-04-07",
  "time": "18:20"
},
{
  "_id": {
    "$oid": "67e03977bf45b774b02d378a"
  },
  "showtime_id": "ST473",
  "cinema_id": "R005",
  "room_id": "1",
  "movie_id": "MV004",
  "date": "2025-04-07",
  "time": "18:40"
},
{
  "_id": {
    "$oid": "67e03977bf45b774b02d378b"
  },
  "showtime_id": "ST474",
  "cinema_id": "R004",
  "room_id": "5",
  "movie_id": "MV006",
  "date": "2025-04-07",
  "time": "18:50"
},
{
  "_id": {
    "$oid": "67e03977bf45b774b02d378c"
  },
  "showtime_id": "ST475",
  "cinema_id": "R006",
  "room_id": "3",
  "movie_id": "MV002",
  "date": "2025-04-07",
  "time": "19:20"
},
{
  "_id": {
    "$oid": "67e03977bf45b774b02d378d"
  },
  "showtime_id": "ST476",
  "cinema_id": "R003",
  "room_id": "2",
  "movie_id": "MV004",
  "date": "2025-04-07",
  "time": "19:20"
},
{
  "_id": {
    "$oid": "67e03977bf45b774b02d378e"
  },
  "showtime_id": "ST477",
  "cinema_id": "R001",
  "room_id": "5",
  "movie_id": "MV006",
  "date": "2025-04-07",
  "time": "19:20"
},
{
  "_id": {
    "$oid": "67e03977bf45b774b02d378f"
  },
  "showtime_id": "ST478",
  "cinema_id": "R002",
  "room_id": "4",
  "movie_id": "MV008",
  "date": "2025-04-07",
  "time": "19:40"
},
{
  "_id": {
    "$oid": "67e03977bf45b774b02d3790"
  },
  "showtime_id": "ST479",
  "cinema_id": "R005",
  "room_id": "4",
  "movie_id": "MV006",
  "date": "2025-04-07",
  "time": "19:40"
},
{
  "_id": {
    "$oid": "67e03977bf45b774b02d3791"
  },
  "showtime_id": "ST480",
  "cinema_id": "R003",
  "room_id": "1",
  "movie_id": "MV004",
  "date": "2025-04-07",
  "time": "19:50"
},
{
  "_id": {
    "$oid": "67e03977bf45b774b02d3792"
  },
  "showtime_id": "ST481",
  "cinema_id": "R002",
  "room_id": "5",
  "movie_id": "MV001",
  "date": "2025-04-07",
  "time": "19:50"
},
{
  "_id": {
    "$oid": "67e03977bf45b774b02d3793"
  },
  "showtime_id": "ST482",
  "cinema_id": "R005",
  "room_id": "2",
  "movie_id": "MV007",
  "date": "2025-04-07",
  "time": "20:30"
},
{
  "_id": {
    "$oid": "67e03977bf45b774b02d3794"
  },
  "showtime_id": "ST483",
  "cinema_id": "R001",
  "room_id": "2",
  "movie_id": "MV008",
  "date": "2025-04-07",
  "time": "20:50"
},
{
  "_id": {
    "$oid": "67e03977bf45b774b02d3795"
  },
  "showtime_id": "ST484",
  "cinema_id": "R002",
  "room_id": "1",
  "movie_id": "MV001",
  "date": "2025-04-07",
  "time": "20:50"
},
{
  "_id": {
    "$oid": "67e03977bf45b774b02d3796"
  },
  "showtime_id": "ST485",
  "cinema_id": "R006",
  "room_id": "1",
  "movie_id": "MV006",
  "date": "2025-04-07",
  "time": "20:50"
},
{
  "_id": {
    "$oid": "67e03977bf45b774b02d3797"
  },
  "showtime_id": "ST486",
  "cinema_id": "R004",
  "room_id": "3",
  "movie_id": "MV001",
  "date": "2025-04-07",
  "time": "21:00"
},
{
  "_id": {
    "$oid": "67e03977bf45b774b02d3798"
  },
  "showtime_id": "ST487",
  "cinema_id": "R003",
  "room_id": "5",
  "movie_id": "MV008",
  "date": "2025-04-07",
  "time": "21:20"
},
{
  "_id": {
    "$oid": "67e03977bf45b774b02d3799"
  },
  "showtime_id": "ST488",
  "cinema_id": "R001",
  "room_id": "4",
  "movie_id": "MV005",
  "date": "2025-04-07",
  "time": "21:30"
},
{
  "_id": {
    "$oid": "67e03977bf45b774b02d379a"
  },
  "showtime_id": "ST489",
  "cinema_id": "R005",
  "room_id": "3",
  "movie_id": "MV002",
  "date": "2025-04-07",
  "time": "21:30"
},
{
  "_id": {
    "$oid": "67e03977bf45b774b02d379b"
  },
  "showtime_id": "ST490",
  "cinema_id": "R004",
  "room_id": "2",
  "movie_id": "MV003",
  "date": "2025-04-07",
  "time": "21:30"
},
{
  "_id": {
    "$oid": "67e03977bf45b774b02d379c"
  },
  "showtime_id": "ST491",
  "cinema_id": "R002",
  "room_id": "2",
  "movie_id": "MV005",
  "date": "2025-04-07",
  "time": "21:30"
},
{
  "_id": {
    "$oid": "67e03977bf45b774b02d379d"
  },
  "showtime_id": "ST492",
  "cinema_id": "R003",
  "room_id": "4",
  "movie_id": "MV005",
  "date": "2025-04-07",
  "time": "21:30"
},
{
  "_id": {
    "$oid": "67e03977bf45b774b02d379e"
  },
  "showtime_id": "ST493",
  "cinema_id": "R005",
  "room_id": "5",
  "movie_id": "MV005",
  "date": "2025-04-07",
  "time": "21:30"
},
{
  "_id": {
    "$oid": "67e03977bf45b774b02d379f"
  },
  "showtime_id": "ST494",
  "cinema_id": "R004",
  "room_id": "4",
  "movie_id": "MV007",
  "date": "2025-04-07",
  "time": "21:50"
},
{
  "_id": {
    "$oid": "67e03977bf45b774b02d37a0"
  },
  "showtime_id": "ST495",
  "cinema_id": "R004",
  "room_id": "5",
  "movie_id": "MV008",
  "date": "2025-04-07",
  "time": "22:00"
},
{
  "_id": {
    "$oid": "67e03977bf45b774b02d37a1"
  },
  "showtime_id": "ST496",
  "cinema_id": "R001",
  "room_id": "5",
  "movie_id": "MV001",
  "date": "2025-04-07",
  "time": "22:10"
},
{
  "_id": {
    "$oid": "67e03977bf45b774b02d37a2"
  },
  "showtime_id": "ST497",
  "cinema_id": "R006",
  "room_id": "2",
  "movie_id": "MV007",
  "date": "2025-04-07",
  "time": "22:20"
},
{
  "_id": {
    "$oid": "67e03977bf45b774b02d37a3"
  },
  "showtime_id": "ST498",
  "cinema_id": "R004",
  "room_id": "1",
  "movie_id": "MV007",
  "date": "2025-04-07",
  "time": "22:40"
},
{
  "_id": {
    "$oid": "67e03977bf45b774b02d37a4"
  },
  "showtime_id": "ST499",
  "cinema_id": "R006",
  "room_id": "4",
  "movie_id": "MV004",
  "date": "2025-04-07",
  "time": "22:50"
},
{
  "_id": {
    "$oid": "67e03977bf45b774b02d37a5"
  },
  "showtime_id": "ST500",
  "cinema_id": "R006",
  "room_id": "3",
  "movie_id": "MV002",
  "date": "2025-04-07",
  "time": "22:50"
}]