[
    {
        "showtime_id": "ST0003",
        "cinema_id": "R002",
        "room_id": "1",
        "movie_id": "MV002",
        "date": "2025-04-01",
        "time": "15:00"
    },
    {
        "showtime_id": "ST0004",
        "cinema_id": "R002",
        "room_id": "1",
        "movie_id": "MV001",
        "date": "2025-04-01",
        "time": "19:20"
    },
    {
        "showtime_id": "ST0005",
        "cinema_id": "R002",
        "room_id": "2",
        "movie_id": "MV002",
        "date": "2025-04-01",
        "time": "15:00"
    },
    {
        "showtime_id": "ST0006",
        "cinema_id": "R002",
        "room_id": "2",
        "movie_id": "MV001",
        "date": "2025-04-01",
        "time": "19:20"
    },
    {
        "showtime_id": "ST0007",
        "cinema_id": "R002",
        "room_id": "3",
        "movie_id": "MV002",
        "date": "2025-04-01",
        "time": "15:00"
    },
    {
        "showtime_id": "ST0008",
        "cinema_id": "R002",
        "room_id": "3",
        "movie_id": "MV001",
        "date": "2025-04-01",
        "time": "19:20"
    },
    {
        "showtime_id": "ST0009",
        "cinema_id": "R002",
        "room_id": "4",
        "movie_id": "MV002",
        "date": "2025-04-01",
        "time": "15:00"
    },
    {
        "showtime_id": "ST0010",
        "cinema_id": "R002",
        "room_id": "4",
        "movie_id": "MV001",
        "date": "2025-04-01",
        "time": "19:20"
    },
    {
        "showtime_id": "ST0011",
        "cinema_id": "R002",
        "room_id": "5",
        "movie_id": "MV002",
        "date": "2025-04-01",
        "time": "15:00"
    },
    {
        "showtime_id": "ST0012",
        "cinema_id": "R002",
        "room_id": "5",
        "movie_id": "MV001",
        "date": "2025-04-01",
        "time": "19:20"
    },
    {
        "showtime_id": "ST0013",
        "cinema_id": "R001",
        "room_id": "1",
        "movie_id": "MV002",
        "date": "2025-04-01",
        "time": "15:00"
    },
    {
        "showtime_id": "ST0014",
        "cinema_id": "R001",
        "room_id": "1",
        "movie_id": "MV001",
        "date": "2025-04-01",
        "time": "19:20"
    },
    {
        "showtime_id": "ST0015",
        "cinema_id": "R001",
        "room_id": "2",
        "movie_id": "MV002",
        "date": "2025-04-01",
        "time": "15:00"
    },
    {
        "showtime_id": "ST0016",
        "cinema_id": "R001",
        "room_id": "2",
        "movie_id": "MV001",
        "date": "2025-04-01",
        "time": "19:20"
    },
    {
        "showtime_id": "ST0017",
        "cinema_id": "R001",
        "room_id": "3",
        "movie_id": "MV002",
        "date": "2025-04-01",
        "time": "15:00"
    },
    {
        "showtime_id": "ST0018",
        "cinema_id": "R001",
        "room_id": "3",
        "movie_id": "MV001",
        "date": "2025-04-01",
        "time": "19:20"
    },
    {
        "showtime_id": "ST0019",
        "cinema_id": "R001",
        "room_id": "4",
        "movie_id": "MV002",
        "date": "2025-04-01",
        "time": "15:00"
    },
    {
        "showtime_id": "ST0020",
        "cinema_id": "R001",
        "room_id": "4",
        "movie_id": "MV001",
        "date": "2025-04-01",
        "time": "19:20"
    },
    {
        "showtime_id": "ST0021",
        "cinema_id": "R001",
        "room_id": "5",
        "movie_id": "MV002",
        "date": "2025-04-01",
        "time": "15:00"
    },
    {
        "showtime_id": "ST0022",
        "cinema_id": "R001",
        "room_id": "5",
        "movie_id": "MV001",
        "date": "2025-04-01",
        "time": "19:20"
    }
]